Code;Country;Year;E_Total
4;Germany;2021;17544881.09
400;USA;2021;13207644.69
6;United Kingdom;2021;12372140.47
5;Italy;2021;10323502.48
612;Iraq;2021;9970224.351
11;Spain;2021;8786285.481
1;France;2021;8109803.933
3;Netherlands;2021;6171187.672
624;Israel;2021;5664540.456
75;Russia;2021;5186535.288
647;UAE;2021;4894436.516
66;Romania;2021;4690524.713
17;Belgium;2021;4484750.341
60;Poland;2021;4253020.749
220;Egypt;2021;3908360.977
68;Bulgaria;2021;3568048.119
720;China;2021;3377764.282
9;Greece;2021;2812276.628
72;Ukraine;2021;2645854.607
204;Morocco;2021;2616397.096
616;Iran;2021;2536746.356
216;Libya;2021;2508274.025
78;Azerbaijan;2021;2120684.391
608;Syria;2021;1918856.862
81;Uzbekistan;2021;1693703.465
91;Slovenia;2021;1583708.506
404;Canada;2021;1564094.632
30;Sweden;2021;1553154.026
208;Algeria;2021;1528412.905
76;Georgia;2021;1526060.678
61;Czech Republic;2021;1515721.699
604;Lebanon;2021;1477063.877
38;Austria;2021;1383670.561
10;Portugal;2021;1354847.372
98;Serbia;2021;1350901.483
64;Hungary;2021;1302164.527
212;Tunisia;2021;1245367.132
79;Kazakhstan;2021;1180685.634
8;Denmark;2021;1171436.357
39;Switzerland;2021;1121559.058
601;Turkish Rep. of Nor.Cyprus;2021;1108526.036
664;India;2021;1104155.27
644;Qatar;2021;1049708.578
653;Yemen;2021;1031139.429
740;Hong Kong;2021;987657.748
508;Brazil;2021;963257.555
80;Turkmenistan;2021;917291.804
800;Australia;2021;886265.917
28;Norway;2021;863236.268
728;South Korea;2021;853146.487
7;Ireland;2021;839624.502
73;Belarus;2021;813371.628
388;Rep. of South Africa;2021;805555.114
706;Singapore;2021;795287.238
288;Nigeria;2021;775898.547
412;Mexico;2021;744097.493
70;Albania;2021;705700.815
628;Jordan;2021;701749.372
662;Pakistan;2021;671957.999
83;Kyrgyzstan;2021;662730.313
46;Malta;2021;633069.536
636;Kuwait;2021;620847.11
63;Slovakia;2021;599117.945
93;Bosnia and Herzegovina;2021;583272.327
512;Chile;2021;569532.747
504;Peru;2021;538898.087
96;North Macedonia;2021;510565.72
95;Kosovo;2021;499918.436
666;Bangladesh;2021;497123.289
248;Senegal;2021;486477.414
32;Finland;2021;468407.113
649;Oman;2021;458366.904
92;Croatia;2021;449190.759
732;Japan;2021;433042.378
276;Ghana;2021;414053.601
74;Moldova;2021;403961.368
701;Malaysia;2021;399253.447
228;Mauritania;2021;396882.228
480;Colombia;2021;393223.469
272;Côte d'Ivoir;2021;364916.76
55;Lithuania;2021;333977.394
342;Somalia;2021;313658.491
690;Vietnam;2021;304453.206
334;Ethiopia;2021;301349.763
338;Djibouti;2021;281023.27
700;Indonesia;2021;271244.131
442;Panama;2021;266143.601
224;Sudan;2021;263143.611
484;Venezuela;2021;260253.913
268;Liberia;2021;241089.621
346;Kenya;2021;237425.107
632;Saudi Arabia;2021;235851.575
82;Tajikistan;2021;234008.23
660;Afghanistan;2021;233474.083
736;Taiwan;2021;232856.442
352;Tanzania;2021;229052
680;Thailand;2021;214144.073
456;Dominican Rep.;2021;211583.586
528;Argentina;2021;207248.543
260;Guinea;2021;204821.438
330;Angola;2021;180743.911
464;Jamaica;2021;164310.453
302;Cameroon;2021;160227.653
640;Bahrain;2021;155512.786
463;Cayman Islands;2021;152644.168
54;Latvia;2021;147223.15
284;Benin;2021;138909.69
824;Marshall Islands;2021;135352.617
452;Haiti;2021;129533.637
958;Countries and territories not specified;2021;126322.657
264;Sierra Leone;2021;121896.61
53;Estonia;2021;117458.834
804;New Zealand;2021;116859.349
416;Guatemala;2021;113002.997
280;Togo;2021;109692.651
97;Montenegro;2021;104165.921
708;Philippines;2021;103773.168
524;Uruguay;2021;102569.77
366;Mozambique;2021;97997.28
436;Costa Rica;2021;90831.917
625;State of Palestine;2021;89538.17
236;Burkina Faso;2021;86439.171
672;Nepal;2021;86096.33
669;Sri Lanka;2021;84107.92
472;Trinidad and Tobago;2021;82704.429
373;Mauritius;2021;82633.056
520;Paraguay;2021;82301.277
44;Gibraltar;2021;81113.922
318;Congo;2021;76647.513
232;Mali;2021;74230.085
324;Rwanda;2021;73876.938
240;Niger;2021;73103.533
252;Gambia;2021;65453.144
488;Guyana;2021;64989.882
424;Honduras;2021;63297.448
716;Mongolia;2021;61310.03
18;Luxembourg;2021;61279.5
370;Madagascar;2021;58214.846
350;Uganda;2021;53262.356
500;Ecuador;2021;51106.412
244;Chad;2021;48337.312
322;Democratic Rep. of the Congo;2021;46939.98
453;Bahamas;2021;44636.971
667;Maldives;2021;44555.254
516;Bolivia;2021;43525.929
314;Gabon;2021;41057.171
428;El Salvador;2021;41028.805
24;Iceland;2021;28756.34
492;Suriname;2021;28309.077
310;Equatorial Guinea;2021;28290.161
448;Cuba;2021;28060.07
837;Cook Islands;2021;27291.302
696;Cambodia;2021;23849.394
336;Eritrea;2021;20560.662
676;Myanmar;2021;20157.809
378;Zambia;2021;18913.823
469;Barbados;2021;16455.909
432;Nicaragua;2021;16329.56
375;Comoros;2021;15526.273
382;Zimbabwe;2021;12861.084
355;Seychelles;2021;11260.056
743;Macao;2021;10738.018
377;Mayotte;2021;10569.655
225;South Sudan;2021;9954.578
247;Cape Verde;2021;9457.588
257;Guinea-Bissau;2021;9128.791
703;Brunei Darussalam;2021;8552.611
459;Antigua and Barbuda;2021;8121.824
809;New Caledonia;2021;8004.203
421;Belize;2021;7571.023
816;Vanuatu;2021;6544.192
467;St. Vincent and Grenadines;2021;5799.999
822;French Polynesia;2021;5275.01
825;Palau;2021;4287.42
815;Fiji;2021;4025.132
311;Sao Tome And Principe;2021;3969.565
386;Malawi;2021;3926.061
306;Central African Rep.;2021;3391.422
449;St. Kitts and Nevis;2021;3332.838
389;Namibia;2021;3259.584
391;Botswana;2021;3117.726
37;Liechtenstein;2021;2906.709
801;Papua New Guinea;2021;2861.668
468;British Virgin Isl.;2021;2378.245
77;Armenia;2021;2336.63
328;Burundi;2021;2202.578
465;St. Lucia;2021;2175.088
460;Dominica;2021;2147.183
473;Grenada;2021;2122.895
457;USA Virgin Isl.;2021;1441.011
413;Bermuda;2021;1274.815
474;Aruba;2021;1188.023
831;Guam;2021;1185.254
807;Tuvalu;2021;951.148
832;USA Minor Outlying Islands;2021;931.18
684;Laos;2021;925.409
819;Samoa;2021;914.973
454;Turks And Caicos Isl;2021;876.373
329;St. Helena And Dep.;2021;687.093
41;Faroe Islands;2021;590.526
626;Timor-Leste;2021;570.089
393;Eswatini;2021;541.354
43;Andorra;2021;508.735
894;French Southern Territories;2021;392.156
47;San Marino;2021;338.583
812;Kiribati;2021;336.708
395;Lesotho;2021;274.413
357;British Ind.Oce.Ter.;2021;255.63
830;American Samoa;2021;248.025
817;Tonga;2021;196.344
446;Anguilla;2021;119.736
529;Falkland Islands;2021;107.868
823;Micronesia;2021;100.721
806;Solomon Isl.;2021;83.886
675;Bhutan;2021;72.919
838;Niue Island;2021;70.041
811;Vallis and Futuna;2021;64.555
839;Tokelau Islands;2021;62.962
406;Greenland;2021;29.711
475;Curaçao;2021;12.12
893;South Georgia and Sandwich. Isl.;2021;11.671
820;Northern Mariana Islands;2021;2.919
470;Montserrat;2021;0.157
21;Ceuta;2021;0.128
833;Cocos Islands;2021;0.04
408;St Pierre and Miquelon;2021;0.02
803;Nauru;2021;0.012
724;North Korea;2021;0
479;Sint Maarten;2021;0
836;Norfolk Islands;2021;0
891;Antarctica;2021;0
834;Christmas Islands;2021;0
45;Vatican City State;2021;0
813;Pitcairn;2021;0
23;Melilla;2021;0
892;Bouvet Islands;2021;0
466;Saint Barthelemy;2021;0
4;Germany;2020;15978698.13
6;United Kingdom;2020;11235581.74
400;USA;2020;10182965.82
612;Iraq;2020;9142046.937
5;Italy;2020;8082560.371
1;France;2020;7195167.592
11;Spain;2020;6683488.35
3;Netherlands;2020;5195119.532
624;Israel;2020;4704087.755
75;Russia;2020;4506680.577
66;Romania;2020;3893980.979
17;Belgium;2020;3634672.295
60;Poland;2020;3474725.848
220;Egypt;2020;3136159.938
720;China;2020;2865865.809
647;UAE;2020;2828043.234
68;Bulgaria;2020;2634443.747
632;Saudi Arabia;2020;2505020.173
616;Iran;2020;2253118.016
72;Ukraine;2020;2090326.82
78;Azerbaijan;2020;2085340.263
204;Morocco;2020;2057157.552
9;Greece;2020;1799836.186
216;Libya;2020;1653076.344
91;Slovenia;2020;1641449.023
608;Syria;2020;1595593.23
76;Georgia;2020;1461257.379
208;Algeria;2020;1449568.631
30;Sweden;2020;1330185.147
64;Hungary;2020;1263416.509
81;Uzbekistan;2020;1154082.216
38;Austria;2020;1130282.648
61;Czech Republic;2020;1127693.774
728;South Korea;2020;1103844.051
39;Switzerland;2020;1093948.311
8;Denmark;2020;1044125.012
644;Qatar;2020;1037133.054
98;Serbia;2020;1018011.145
404;Canada;2020;1005387.482
79;Kazakhstan;2020;985614.991
604;Lebanon;2020;930694.683
212;Tunisia;2020;928097.72
10;Portugal;2020;924573.897
664;India;2020;889726.513
601;Turkish Rep. of Nor.Cyprus;2020;859850.172
653;Yemen;2020;834434.509
740;Hong Kong;2020;817944.79
80;Turkmenistan;2020;786951.752
28;Norway;2020;733345.819
800;Australia;2020;726850.415
7;Ireland;2020;654658.069
662;Pakistan;2020;620161.947
288;Nigeria;2020;610881.512
73;Belarus;2020;602745.046
508;Brazil;2020;588802.002
628;Jordan;2020;585367.403
388;Rep. of South Africa;2020;574029.37
636;Kuwait;2020;556146.003
63;Slovakia;2020;549927.334
412;Mexico;2020;538582.702
649;Oman;2020;525282.925
276;Ghana;2020;477530.337
70;Albania;2020;475338.322
93;Bosnia and Herzegovina;2020;446460.661
732;Japan;2020;441242.023
46;Malta;2020;432449.231
83;Kyrgyzstan;2020;417525.816
96;North Macedonia;2020;415894.005
92;Croatia;2020;390488.744
701;Malaysia;2020;381912.653
224;Sudan;2020;375461.92
32;Finland;2020;370388.692
95;Kosovo;2020;364201.395
248;Senegal;2020;361219.894
666;Bangladesh;2020;349060.815
706;Singapore;2020;343497.932
74;Moldova;2020;335047.611
824;Marshall Islands;2020;332384.772
338;Djibouti;2020;319971.352
272;Côte d'Ivoir;2020;307904.767
55;Lithuania;2020;305869.797
512;Chile;2020;280421.082
342;Somalia;2020;271700.085
690;Vietnam;2020;244321.164
484;Venezuela;2020;235991.393
736;Taiwan;2020;235903.348
504;Peru;2020;231524.907
334;Ethiopia;2020;231373.849
346;Kenya;2020;227998.029
480;Colombia;2020;216478.682
700;Indonesia;2020;213798.794
660;Afghanistan;2020;207778.287
640;Bahrain;2020;201643.325
352;Tanzania;2020;200346.786
680;Thailand;2020;184011.206
330;Angola;2020;183338.903
268;Liberia;2020;177703.858
82;Tajikistan;2020;173674.985
442;Panama;2020;171514.938
452;Haiti;2020;164397.665
302;Cameroon;2020;158858.613
528;Argentina;2020;153795.118
280;Togo;2020;141680.607
260;Guinea;2020;135962.775
456;Dominican Rep.;2020;124977.866
228;Mauritania;2020;119730.692
284;Benin;2020;117882.543
804;New Zealand;2020;104878.502
54;Latvia;2020;104716.134
44;Gibraltar;2020;104501.098
97;Montenegro;2020;103052.003
708;Philippines;2020;100309.923
18;Luxembourg;2020;97613.328
958;Countries and territories not specified;2020;87258.334
625;State of Palestine;2020;87069.88
53;Estonia;2020;79157.304
669;Sri Lanka;2020;77476.331
366;Mozambique;2020;76696.495
264;Sierra Leone;2020;76591.251
464;Jamaica;2020;76290.198
472;Trinidad and Tobago;2020;76006.95
373;Mauritius;2020;74590.352
370;Madagascar;2020;73861.519
232;Mali;2020;69551.647
236;Burkina Faso;2020;65606.297
252;Gambia;2020;62470.857
318;Congo;2020;60744.458
240;Niger;2020;58875.477
322;Democratic Rep. of the Congo;2020;57341.451
416;Guatemala;2020;54471.264
350;Uganda;2020;53835.723
520;Paraguay;2020;52313.871
676;Myanmar;2020;52059.525
314;Gabon;2020;51574.553
524;Uruguay;2020;51567.241
436;Costa Rica;2020;48522.464
500;Ecuador;2020;42943.912
244;Chad;2020;41484.577
424;Honduras;2020;40554.164
672;Nepal;2020;38836.403
310;Equatorial Guinea;2020;38823.047
716;Mongolia;2020;31826.937
488;Guyana;2020;30248.438
324;Rwanda;2020;27478.758
428;El Salvador;2020;25238.809
696;Cambodia;2020;25018.332
448;Cuba;2020;24991.548
667;Maldives;2020;24864.194
492;Suriname;2020;22066.378
516;Bolivia;2020;21888.723
453;Bahamas;2020;20941.665
378;Zambia;2020;20911.206
24;Iceland;2020;18828.378
355;Seychelles;2020;17914.124
467;St. Vincent and Grenadines;2020;17566.106
382;Zimbabwe;2020;15347.278
375;Comoros;2020;14223.139
468;British Virgin Isl.;2020;13555.532
469;Barbados;2020;12759.997
432;Nicaragua;2020;12167.36
336;Eritrea;2020;9913.395
377;Mayotte;2020;8722.287
257;Guinea-Bissau;2020;8256.374
809;New Caledonia;2020;8044.497
463;Cayman Islands;2020;7186.948
459;Antigua and Barbuda;2020;6909.712
822;French Polynesia;2020;6600.782
225;South Sudan;2020;6262.834
815;Fiji;2020;5760.678
837;Cook Islands;2020;5524.802
247;Cape Verde;2020;5467.967
329;St. Helena And Dep.;2020;5179.102
421;Belize;2020;5085.281
801;Papua New Guinea;2020;4890.818
391;Botswana;2020;4777.874
389;Namibia;2020;4248.23
743;Macao;2020;3556.381
816;Vanuatu;2020;3077.16
306;Central African Rep.;2020;2995.121
328;Burundi;2020;2897.64
386;Malawi;2020;2847.093
311;Sao Tome And Principe;2020;2627.575
449;St. Kitts and Nevis;2020;2562.618
465;St. Lucia;2020;2297.952
703;Brunei Darussalam;2020;2006.019
684;Laos;2020;1922.249
825;Palau;2020;1849.933
831;Guam;2020;1681.864
460;Dominica;2020;1615.513
37;Liechtenstein;2020;1472.563
474;Aruba;2020;1391.576
473;Grenada;2020;1166.862
454;Turks And Caicos Isl;2020;1011.846
819;Samoa;2020;972.294
77;Armenia;2020;872.19
41;Faroe Islands;2020;752.398
811;Vallis and Futuna;2020;603.729
529;Falkland Islands;2020;556.619
626;Timor-Leste;2020;477.207
894;French Southern Territories;2020;458.092
413;Bermuda;2020;440.88
393;Eswatini;2020;439.753
395;Lesotho;2020;407.646
830;American Samoa;2020;362.276
724;North Korea;2020;331.241
457;USA Virgin Isl.;2020;329.022
43;Andorra;2020;303.695
807;Tuvalu;2020;279.085
446;Anguilla;2020;254.55
817;Tonga;2020;251.673
806;Solomon Isl.;2020;179.608
812;Kiribati;2020;166.256
406;Greenland;2020;151.543
47;San Marino;2020;90.37
357;British Ind.Oce.Ter.;2020;71.687
475;Curaçao;2020;54.127
479;Sint Maarten;2020;46.308
832;USA Minor Outlying Islands;2020;42.83
823;Micronesia;2020;34.94
838;Niue Island;2020;20.462
836;Norfolk Islands;2020;11.366
408;St Pierre and Miquelon;2020;10.11
675;Bhutan;2020;6.501
891;Antarctica;2020;4.632
834;Christmas Islands;2020;3.004
45;Vatican City State;2020;2.807
839;Tokelau Islands;2020;0
893;South Georgia and Sandwich. Isl.;2020;0
820;Northern Mariana Islands;2020;0
470;Montserrat;2020;0
21;Ceuta;2020;0
833;Cocos Islands;2020;0
803;Nauru;2020;0
813;Pitcairn;2020;0
23;Melilla;2020;0
892;Bouvet Islands;2020;0
466;Saint Barthelemy;2020;0
4;Germany;2019;16617244.22
6;United Kingdom;2019;11278615.17
612;Iraq;2019;10223292.27
5;Italy;2019;9753017.856
400;USA;2019;8970657.918
11;Spain;2019;8138744.012
1;France;2019;7945606.766
3;Netherlands;2019;5761921.452
624;Israel;2019;4463820.079
75;Russia;2019;4152137.036
66;Romania;2019;4073074.997
647;UAE;2019;3627237.215
220;Egypt;2019;3508791.141
60;Poland;2019;3448829.093
17;Belgium;2019;3396192.51
632;Saudi Arabia;2019;3292797.077
616;Iran;2019;2737239.574
720;China;2019;2726077.5
68;Bulgaria;2019;2668229.641
204;Morocco;2019;2347410.948
9;Greece;2019;2245317.959
72;Ukraine;2019;2156453.677
216;Libya;2019;2069497.11
208;Algeria;2019;2016437.646
91;Slovenia;2019;1843315.618
78;Azerbaijan;2019;1788396.648
608;Syria;2019;1730690.683
76;Georgia;2019;1578014.143
30;Sweden;2019;1432259.965
64;Hungary;2019;1423206.068
601;Turkish Rep. of Nor.Cyprus;2019;1298164.537
644;Qatar;2019;1293133.166
81;Uzbekistan;2019;1232077.182
38;Austria;2019;1183794.071
664;India;2019;1166477.422
10;Portugal;2019;1147015.166
61;Czech Republic;2019;1112589.096
604;Lebanon;2019;1111505.302
39;Switzerland;2019;1039832.982
8;Denmark;2019;1038909.624
404;Canada;2019;985966.388
653;Yemen;2019;969549.382
46;Malta;2019;955345.744
98;Serbia;2019;954100.31
728;South Korea;2019;943829.784
79;Kazakhstan;2019;900143.608
212;Tunisia;2019;886740.981
706;Singapore;2019;750273.865
80;Turkmenistan;2019;744691.111
740;Hong Kong;2019;743893.407
28;Norway;2019;729178.837
412;Mexico;2019;668355.982
628;Jordan;2019;667325.261
800;Australia;2019;661145.948
649;Oman;2019;634475.043
7;Ireland;2019;619992.453
63;Slovakia;2019;598836.395
288;Nigeria;2019;595903.667
388;Rep. of South Africa;2019;569559.79
636;Kuwait;2019;557547.536
662;Pakistan;2019;550163.058
73;Belarus;2019;543111.075
732;Japan;2019;502850.599
508;Brazil;2019;494894.886
70;Albania;2019;487216.376
93;Bosnia and Herzegovina;2019;453369.172
83;Kyrgyzstan;2019;442042.765
92;Croatia;2019;441835.98
666;Bangladesh;2019;427186.692
96;North Macedonia;2019;408832.371
334;Ethiopia;2019;380904.743
276;Ghana;2019;374339.742
512;Chile;2019;356982.172
701;Malaysia;2019;354238.459
690;Vietnam;2019;351413.03
95;Kosovo;2019;347660.916
74;Moldova;2019;343345.212
32;Finland;2019;334914.825
224;Sudan;2019;307144.124
700;Indonesia;2019;289372.281
248;Senegal;2019;288934
680;Thailand;2019;270498.527
640;Bahrain;2019;266452.618
55;Lithuania;2019;258331.622
736;Taiwan;2019;256924.536
342;Somalia;2019;256527.531
480;Colombia;2019;255910.893
442;Panama;2019;255843.45
338;Djibouti;2019;255694.674
346;Kenya;2019;230494.236
272;Côte d'Ivoir;2019;227665.557
352;Tanzania;2019;226103.205
268;Liberia;2019;222331.193
330;Angola;2019;214920.737
504;Peru;2019;180920.057
528;Argentina;2019;178267.721
824;Marshall Islands;2019;175558.015
228;Mauritania;2019;168387.233
302;Cameroon;2019;156627.478
82;Tajikistan;2019;156570.297
660;Afghanistan;2019;156474.516
260;Guinea;2019;136742.269
484;Venezuela;2019;132220.829
452;Haiti;2019;132149.727
97;Montenegro;2019;131513.158
284;Benin;2019;130979.122
54;Latvia;2019;126578.65
708;Philippines;2019;123874.07
456;Dominican Rep.;2019;123808.723
804;New Zealand;2019;112908.095
280;Togo;2019;99512.496
44;Gibraltar;2019;95215.695
464;Jamaica;2019;91301.937
53;Estonia;2019;90361.147
453;Bahamas;2019;88544.216
366;Mozambique;2019;87857.466
669;Sri Lanka;2019;84367.064
472;Trinidad and Tobago;2019;78368.857
958;Countries and territories not specified;2019;77273.31
240;Niger;2019;75596.903
373;Mauritius;2019;75058.688
314;Gabon;2019;73172.625
370;Madagascar;2019;72087.144
18;Luxembourg;2019;70732.821
625;State of Palestine;2019;67594.958
500;Ecuador;2019;63806.3
264;Sierra Leone;2019;60546.886
318;Congo;2019;60342.789
436;Costa Rica;2019;56313.293
672;Nepal;2019;56078.448
322;Democratic Rep. of the Congo;2019;54468.178
416;Guatemala;2019;53638.313
252;Gambia;2019;53560.734
232;Mali;2019;49161.04
524;Uruguay;2019;48463.46
520;Paraguay;2019;48106.399
676;Myanmar;2019;45295.319
448;Cuba;2019;44605.588
716;Mongolia;2019;41647.78
463;Cayman Islands;2019;40475.426
244;Chad;2019;40328.019
350;Uganda;2019;33574.744
324;Rwanda;2019;33034.287
236;Burkina Faso;2019;32659.549
488;Guyana;2019;31823.069
667;Maldives;2019;28200.123
310;Equatorial Guinea;2019;26929.882
468;British Virgin Isl.;2019;26021.489
696;Cambodia;2019;23893.373
24;Iceland;2019;23440.524
516;Bolivia;2019;23286.459
378;Zambia;2019;20121.054
492;Suriname;2019;18264.571
743;Macao;2019;17865.948
355;Seychelles;2019;17701.797
424;Honduras;2019;16388.724
428;El Salvador;2019;14844.809
336;Eritrea;2019;13933.353
375;Comoros;2019;13668.321
459;Antigua and Barbuda;2019;13558.109
432;Nicaragua;2019;11589.947
809;New Caledonia;2019;10979.443
421;Belize;2019;10641.84
469;Barbados;2019;10395.809
822;French Polynesia;2019;9429.831
389;Namibia;2019;9401.533
247;Cape Verde;2019;9373.261
837;Cook Islands;2019;8200.036
684;Laos;2019;7758.239
457;USA Virgin Isl.;2019;7651.256
449;St. Kitts and Nevis;2019;6310.465
377;Mayotte;2019;6232.778
382;Zimbabwe;2019;6022.959
801;Papua New Guinea;2019;5256.385
386;Malawi;2019;5004.888
467;St. Vincent and Grenadines;2019;4972.559
703;Brunei Darussalam;2019;4580.716
257;Guinea-Bissau;2019;4250
306;Central African Rep.;2019;4062.644
225;South Sudan;2019;3505.075
465;St. Lucia;2019;3011.536
391;Botswana;2019;2839.656
328;Burundi;2019;2668.689
816;Vanuatu;2019;2658.92
311;Sao Tome And Principe;2019;2389.86
37;Liechtenstein;2019;2185.406
825;Palau;2019;2159.547
473;Grenada;2019;1942.126
815;Fiji;2019;1860.526
460;Dominica;2019;1697.772
831;Guam;2019;1680.354
395;Lesotho;2019;1623.683
413;Bermuda;2019;1586.063
474;Aruba;2019;1573.67
807;Tuvalu;2019;1165.222
819;Samoa;2019;837.797
454;Turks And Caicos Isl;2019;763.063
832;USA Minor Outlying Islands;2019;725.174
724;North Korea;2019;631.177
446;Anguilla;2019;495.055
43;Andorra;2019;344.606
45;Vatican City State;2019;298.9
41;Faroe Islands;2019;245.813
357;British Ind.Oce.Ter.;2019;204.709
817;Tonga;2019;202.226
806;Solomon Isl.;2019;185.632
811;Vallis and Futuna;2019;160.778
393;Eswatini;2019;155.567
529;Falkland Islands;2019;134.115
830;American Samoa;2019;113.697
838;Niue Island;2019;104.748
675;Bhutan;2019;97.009
47;San Marino;2019;85.931
894;French Southern Territories;2019;67.022
406;Greenland;2019;49.527
812;Kiribati;2019;40.621
475;Curaçao;2019;39.595
820;Northern Mariana Islands;2019;29.241
77;Armenia;2019;19.181
329;St. Helena And Dep.;2019;12.807
408;St Pierre and Miquelon;2019;8.121
893;South Georgia and Sandwich. Isl.;2019;1.396
891;Antarctica;2019;0.459
813;Pitcairn;2019;0.305
626;Timor-Leste;2019;0
823;Micronesia;2019;0
839;Tokelau Islands;2019;0
470;Montserrat;2019;0
21;Ceuta;2019;0
833;Cocos Islands;2019;0
803;Nauru;2019;0
479;Sint Maarten;2019;0
836;Norfolk Islands;2019;0
834;Christmas Islands;2019;0
23;Melilla;2019;0
892;Bouvet Islands;2019;0
466;Saint Barthelemy;2019;0
4;Germany;2018;17353443.49
6;United Kingdom;2018;11473927.05
5;Italy;2018;10047452.62
612;Iraq;2018;9437007.226
400;USA;2018;9072756.255
11;Spain;2018;8121096.071
1;France;2018;7655339.54
3;Netherlands;2018;5100743.942
17;Belgium;2018;4152550.137
66;Romania;2018;4137338.324
624;Israel;2018;4022878.172
75;Russia;2018;3652603.351
60;Poland;2018;3488042.645
647;UAE;2018;3254019.091
220;Egypt;2018;3214750.221
720;China;2018;3078644.213
68;Bulgaria;2018;2816992.08
632;Saudi Arabia;2018;2766393.997
616;Iran;2018;2765863.252
9;Greece;2018;2323000.708
208;Algeria;2018;2120927.861
204;Morocco;2018;2036300.51
608;Syria;2018;1788111.445
39;Switzerland;2018;1780864.093
78;Azerbaijan;2018;1701927.224
72;Ukraine;2018;1684156.403
216;Libya;2018;1583537.02
30;Sweden;2018;1533678.518
91;Slovenia;2018;1507484.448
76;Georgia;2018;1438618.152
404;Canada;2018;1338675.082
64;Hungary;2018;1312807.06
601;Turkish Rep. of Nor.Cyprus;2018;1249558.818
644;Qatar;2018;1244246.673
38;Austria;2018;1205759.81
664;India;2018;1182204.996
61;Czech Republic;2018;1162309.365
10;Portugal;2018;1147017.605
8;Denmark;2018;1115534.278
81;Uzbekistan;2018;1030587.127
728;South Korea;2018;982485.4
604;Lebanon;2018;963660.186
212;Tunisia;2018;959537.327
98;Serbia;2018;915601.411
628;Jordan;2018;889669.04
740;Hong Kong;2018;832803.109
79;Kazakhstan;2018;790318.098
7;Ireland;2018;770871.64
653;Yemen;2018;740411.218
800;Australia;2018;704085.464
412;Mexico;2018;652286.855
706;Singapore;2018;579296.357
46;Malta;2018;575881.063
388;Rep. of South Africa;2018;554241.655
63;Slovakia;2018;552605.717
636;Kuwait;2018;549607.963
28;Norway;2018;522263.14
662;Pakistan;2018;509157.247
508;Brazil;2018;507741.488
80;Turkmenistan;2018;503196.533
732;Japan;2018;493789.677
666;Bangladesh;2018;474396.933
73;Belarus;2018;456121.65
649;Oman;2018;439138.054
93;Bosnia and Herzegovina;2018;430826.887
70;Albania;2018;429961.149
92;Croatia;2018;414669.722
96;North Macedonia;2018;413181.551
512;Chile;2018;398625.771
248;Senegal;2018;394069.259
83;Kyrgyzstan;2018;391936.101
701;Malaysia;2018;375683.2
224;Sudan;2018;373765.908
288;Nigeria;2018;368675.283
32;Finland;2018;343807.565
334;Ethiopia;2018;328704.054
640;Bahrain;2018;322228.541
690;Vietnam;2018;321142.291
95;Kosovo;2018;313337.648
55;Lithuania;2018;293750.598
680;Thailand;2018;293121.068
74;Moldova;2018;290032.137
700;Indonesia;2018;286302.754
276;Ghana;2018;279979.935
736;Taiwan;2018;274266.068
442;Panama;2018;249765.479
480;Colombia;2018;247220.228
330;Angola;2018;233462.645
352;Tanzania;2018;229706.718
346;Kenya;2018;219895.145
338;Djibouti;2018;198952.373
44;Gibraltar;2018;197656.559
528;Argentina;2018;193146.128
82;Tajikistan;2018;188699.903
708;Philippines;2018;185673.293
342;Somalia;2018;183920.32
268;Liberia;2018;179459.31
272;Côte d'Ivoir;2018;179197.17
504;Peru;2018;174103.263
824;Marshall Islands;2018;164132.033
302;Cameroon;2018;156710.154
660;Afghanistan;2018;152807.897
228;Mauritania;2018;145359.897
484;Venezuela;2018;134020.937
669;Sri Lanka;2018;131135.253
54;Latvia;2018;127879.71
284;Benin;2018;116802.467
804;New Zealand;2018;112763.39
260;Guinea;2018;110651.627
456;Dominican Rep.;2018;109608.297
452;Haiti;2018;102644.669
53;Estonia;2018;95976.548
463;Cayman Islands;2018;92068.925
472;Trinidad and Tobago;2018;85146.255
370;Madagascar;2018;81962.332
97;Montenegro;2018;80363.322
625;State of Palestine;2018;78986.752
280;Togo;2018;78699.931
464;Jamaica;2018;76823.64
18;Luxembourg;2018;73171.719
958;Countries and territories not specified;2018;70737.891
373;Mauritius;2018;70626.498
667;Maldives;2018;65920.604
436;Costa Rica;2018;62774.158
240;Niger;2018;60398.746
500;Ecuador;2018;60025.536
676;Myanmar;2018;59056.041
318;Congo;2018;56112.673
232;Mali;2018;54547.421
264;Sierra Leone;2018;54509.86
236;Burkina Faso;2018;54469.324
672;Nepal;2018;53829.351
524;Uruguay;2018;51738.89
366;Mozambique;2018;51006.482
252;Gambia;2018;48528.63
416;Guatemala;2018;45370.66
520;Paraguay;2018;40923.786
716;Mongolia;2018;37606.77
322;Democratic Rep. of the Congo;2018;35723.122
448;Cuba;2018;33120.755
310;Equatorial Guinea;2018;32349.49
244;Chad;2018;31768.755
350;Uganda;2018;31620.487
314;Gabon;2018;30941.506
424;Honduras;2018;27960.066
488;Guyana;2018;27464.028
24;Iceland;2018;24059.218
389;Namibia;2018;23602.913
516;Bolivia;2018;22211.604
324;Rwanda;2018;20916.668
428;El Salvador;2018;17572.321
378;Zambia;2018;17385.063
453;Bahamas;2018;16160.452
696;Cambodia;2018;15656.678
492;Suriname;2018;15612.312
432;Nicaragua;2018;15304.688
355;Seychelles;2018;13612.838
382;Zimbabwe;2018;11771.58
469;Barbados;2018;11551.874
375;Comoros;2018;11187.091
809;New Caledonia;2018;10860.577
421;Belize;2018;9941.248
459;Antigua and Barbuda;2018;8618.551
684;Laos;2018;8434.167
336;Eritrea;2018;8268.617
837;Cook Islands;2018;7945.149
449;St. Kitts and Nevis;2018;7089.556
377;Mayotte;2018;6803.548
386;Malawi;2018;6562.15
822;French Polynesia;2018;6269.226
247;Cape Verde;2018;5218.572
801;Papua New Guinea;2018;5143.818
37;Liechtenstein;2018;5055.176
467;St. Vincent and Grenadines;2018;4998.776
257;Guinea-Bissau;2018;4535.578
468;British Virgin Isl.;2018;4300.54
465;St. Lucia;2018;3005.737
395;Lesotho;2018;2916.819
306;Central African Rep.;2018;2878.914
391;Botswana;2018;2785.283
470;Montserrat;2018;2710.119
225;South Sudan;2018;2707.81
703;Brunei Darussalam;2018;2571.316
328;Burundi;2018;2508.481
815;Fiji;2018;2327.396
816;Vanuatu;2018;2227.901
457;USA Virgin Isl.;2018;2069.806
311;Sao Tome And Principe;2018;1878.504
460;Dominica;2018;1759.801
825;Palau;2018;1724.732
413;Bermuda;2018;1437.171
474;Aruba;2018;1355.604
393;Eswatini;2018;1252.861
473;Grenada;2018;1239.149
831;Guam;2018;1193.746
743;Macao;2018;1008.507
454;Turks And Caicos Isl;2018;988.313
807;Tuvalu;2018;705.927
41;Faroe Islands;2018;677.532
43;Andorra;2018;552.414
819;Samoa;2018;540.739
446;Anguilla;2018;498.158
832;USA Minor Outlying Islands;2018;446.638
357;British Ind.Oce.Ter.;2018;248.328
475;Curaçao;2018;224.745
838;Niue Island;2018;220.485
47;San Marino;2018;202.444
817;Tonga;2018;195.484
675;Bhutan;2018;186.394
830;American Samoa;2018;168.386
77;Armenia;2018;121.145
479;Sint Maarten;2018;112.174
724;North Korea;2018;78.694
894;French Southern Territories;2018;59.519
893;South Georgia and Sandwich. Isl.;2018;41.85
811;Vallis and Futuna;2018;30.505
806;Solomon Isl.;2018;29.783
406;Greenland;2018;29.776
626;Timor-Leste;2018;26.901
21;Ceuta;2018;24.181
812;Kiribati;2018;22.672
329;St. Helena And Dep.;2018;11.109
834;Christmas Islands;2018;3.742
823;Micronesia;2018;3.119
529;Falkland Islands;2018;2.25
833;Cocos Islands;2018;1.754
891;Antarctica;2018;0.689
408;St Pierre and Miquelon;2018;0.418
45;Vatican City State;2018;0.411
839;Tokelau Islands;2018;0
820;Northern Mariana Islands;2018;0
803;Nauru;2018;0
836;Norfolk Islands;2018;0
813;Pitcairn;2018;0
23;Melilla;2018;0
892;Bouvet Islands;2018;0
466;Saint Barthelemy;2018;0
4;Germany;2017;16356392.39
612;Iraq;2017;10109826.53
6;United Kingdom;2017;9932538.529
647;UAE;2017;9267012.374
400;USA;2017;9259582.787
5;Italy;2017;8787949.208
1;France;2017;6895251.347
11;Spain;2017;6584920.544
3;Netherlands;2017;4190305.465
616;Iran;2017;3860566.296
624;Israel;2017;3504849.581
17;Belgium;2017;3364086.519
66;Romania;2017;3315129.995
60;Poland;2017;3186756.94
720;China;2017;3037675.041
68;Bulgaria;2017;2919793.251
75;Russia;2017;2869847.4
632;Saudi Arabia;2017;2832803.949
220;Egypt;2017;2547809.341
208;Algeria;2017;1828143.503
608;Syria;2017;1776148.2
9;Greece;2017;1724183.67
204;Morocco;2017;1686712.642
78;Azerbaijan;2017;1476522.123
72;Ukraine;2017;1465923.303
30;Sweden;2017;1462993.384
76;Georgia;2017;1337799.502
64;Hungary;2017;1206080.611
91;Slovenia;2017;1177052.707
38;Austria;2017;1147219.164
601;Turkish Rep. of Nor.Cyprus;2017;1128731.85
80;Turkmenistan;2017;1117744.501
404;Canada;2017;1099777.26
8;Denmark;2017;1051707.992
61;Czech Republic;2017;1048891.61
604;Lebanon;2017;959421.464
212;Tunisia;2017;940060.639
39;Switzerland;2017;920592.942
216;Libya;2017;915735.984
79;Kazakhstan;2017;840335.769
10;Portugal;2017;837014.186
664;India;2017;808667.137
644;Qatar;2017;790883.489
98;Serbia;2017;760885.942
81;Uzbekistan;2017;726719.269
628;Jordan;2017;706599.476
706;Singapore;2017;704892.2
740;Hong Kong;2017;650541.133
728;South Korea;2017;621472.69
653;Yemen;2017;578350.32
28;Norway;2017;564856.103
800;Australia;2017;562676.309
46;Malta;2017;555217.804
7;Ireland;2017;541550.711
388;Rep. of South Africa;2017;492434.92
412;Mexico;2017;477585.321
636;Kuwait;2017;457674.1
73;Belarus;2017;438987.339
732;Japan;2017;416370.065
63;Slovakia;2017;405376.727
224;Sudan;2017;405373.375
70;Albania;2017;403496.227
508;Brazil;2017;402042.337
96;North Macedonia;2017;380460.625
83;Kyrgyzstan;2017;379072.124
662;Pakistan;2017;377155.172
93;Bosnia and Herzegovina;2017;356267.608
666;Bangladesh;2017;347910.387
334;Ethiopia;2017;347253.396
288;Nigeria;2017;340480.9
55;Lithuania;2017;321349.034
92;Croatia;2017;319439.206
74;Moldova;2017;306142.023
32;Finland;2017;305244.068
701;Malaysia;2017;293313.121
95;Kosovo;2017;282167.427
512;Chile;2017;264051.736
248;Senegal;2017;250084.597
690;Vietnam;2017;247903.808
700;Indonesia;2017;245225.926
640;Bahrain;2017;239722.873
649;Oman;2017;231468.417
276;Ghana;2017;229335.945
736;Taiwan;2017;206958.966
442;Panama;2017;204540.591
24;Iceland;2017;200045.285
480;Colombia;2017;189878.136
330;Angola;2017;189075.825
268;Liberia;2017;185061.168
680;Thailand;2017;178318.933
660;Afghanistan;2017;176879.235
528;Argentina;2017;167701.32
82;Tajikistan;2017;166921.174
346;Kenya;2017;160179.639
824;Marshall Islands;2017;157670.504
272;Côte d'Ivoir;2017;154424.755
44;Gibraltar;2017;152571.376
342;Somalia;2017;147465.313
708;Philippines;2017;141131.467
54;Latvia;2017;128987.222
352;Tanzania;2017;118490.685
53;Estonia;2017;113743.624
504;Peru;2017;110733.145
804;New Zealand;2017;105853.412
338;Djibouti;2017;104465.411
302;Cameroon;2017;101136.399
260;Guinea;2017;98338.317
284;Benin;2017;95672.904
625;State of Palestine;2017;90975.549
228;Mauritania;2017;88905.724
468;British Virgin Isl.;2017;88341.108
452;Haiti;2017;88127.958
669;Sri Lanka;2017;78126.882
456;Dominican Rep.;2017;74800.152
370;Madagascar;2017;73831.473
373;Mauritius;2017;65450.279
97;Montenegro;2017;61326.339
318;Congo;2017;60916.15
472;Trinidad and Tobago;2017;59447.086
280;Togo;2017;59415.084
958;Countries and territories not specified;2017;55663.003
389;Namibia;2017;55444.613
232;Mali;2017;53672.21
436;Costa Rica;2017;52906.173
464;Jamaica;2017;52544.544
264;Sierra Leone;2017;51880.455
524;Uruguay;2017;46351.868
324;Rwanda;2017;42601.488
18;Luxembourg;2017;40694.336
314;Gabon;2017;40692.26
672;Nepal;2017;40277.959
667;Maldives;2017;40161.7
500;Ecuador;2017;39553.748
252;Gambia;2017;39534.396
416;Guatemala;2017;38600.544
240;Niger;2017;38484.01
484;Venezuela;2017;38384.289
520;Paraguay;2017;32964.526
676;Myanmar;2017;32504.435
236;Burkina Faso;2017;27911.08
366;Mozambique;2017;27678.096
322;Democratic Rep. of the Congo;2017;27073.547
716;Mongolia;2017;26660.408
428;El Salvador;2017;26469.129
350;Uganda;2017;24168.679
488;Guyana;2017;23401.689
310;Equatorial Guinea;2017;22132.836
516;Bolivia;2017;21842.889
448;Cuba;2017;21436.933
463;Cayman Islands;2017;21237.096
378;Zambia;2017;18378.513
696;Cambodia;2017;18023.055
244;Chad;2017;17966.774
424;Honduras;2017;14990.143
336;Eritrea;2017;13677.907
492;Suriname;2017;12681.859
432;Nicaragua;2017;11610.613
453;Bahamas;2017;10743.466
355;Seychelles;2017;6945.054
375;Comoros;2017;6193.288
809;New Caledonia;2017;6063.683
459;Antigua and Barbuda;2017;5907.534
377;Mayotte;2017;5806.947
801;Papua New Guinea;2017;5769.074
469;Barbados;2017;5549.263
837;Cook Islands;2017;5517.277
382;Zimbabwe;2017;5362.627
421;Belize;2017;5025.435
247;Cape Verde;2017;4437.688
257;Guinea-Bissau;2017;4246.324
37;Liechtenstein;2017;4074.042
822;French Polynesia;2017;3566.106
467;St. Vincent and Grenadines;2017;3497.921
386;Malawi;2017;3372.922
391;Botswana;2017;2942.496
831;Guam;2017;2659.672
225;South Sudan;2017;2586.351
449;St. Kitts and Nevis;2017;2328.499
328;Burundi;2017;1973.175
306;Central African Rep.;2017;1966.063
465;St. Lucia;2017;1948.15
816;Vanuatu;2017;1542.135
473;Grenada;2017;1479.598
815;Fiji;2017;1438.528
395;Lesotho;2017;1417.719
703;Brunei Darussalam;2017;1363.283
684;Laos;2017;1354.773
393;Eswatini;2017;1185.327
825;Palau;2017;1120.398
819;Samoa;2017;1074.897
474;Aruba;2017;1030.887
311;Sao Tome And Principe;2017;1030.518
413;Bermuda;2017;875.242
894;French Southern Territories;2017;653.396
820;Northern Mariana Islands;2017;644.339
460;Dominica;2017;603.054
724;North Korea;2017;471.723
77;Armenia;2017;433.455
475;Curaçao;2017;421.95
457;USA Virgin Isl.;2017;355.628
743;Macao;2017;349.075
807;Tuvalu;2017;298.05
357;British Ind.Oce.Ter.;2017;282.906
43;Andorra;2017;268.903
41;Faroe Islands;2017;264.74
817;Tonga;2017;246.011
832;USA Minor Outlying Islands;2017;228.328
830;American Samoa;2017;188.327
812;Kiribati;2017;170.772
47;San Marino;2017;157.771
446;Anguilla;2017;95.834
626;Timor-Leste;2017;74.061
454;Turks And Caicos Isl;2017;73.727
675;Bhutan;2017;60.666
406;Greenland;2017;38.39
806;Solomon Isl.;2017;36.692
823;Micronesia;2017;29.634
811;Vallis and Futuna;2017;17.251
329;St. Helena And Dep.;2017;0
529;Falkland Islands;2017;0
838;Niue Island;2017;0
839;Tokelau Islands;2017;0
893;South Georgia and Sandwich. Isl.;2017;0
470;Montserrat;2017;0
21;Ceuta;2017;0
833;Cocos Islands;2017;0
408;St Pierre and Miquelon;2017;0
803;Nauru;2017;0
479;Sint Maarten;2017;0
836;Norfolk Islands;2017;0
891;Antarctica;2017;0
834;Christmas Islands;2017;0
45;Vatican City State;2017;0
813;Pitcairn;2017;0
23;Melilla;2017;0
892;Bouvet Islands;2017;0
466;Saint Barthelemy;2017;0
4;Germany;2016;15164954.45
6;United Kingdom;2016;11961673.29
612;Iraq;2016;8496075.909
5;Italy;2016;7857667.242
400;USA;2016;7262305.664
1;France;2016;6309388.684
647;UAE;2016;5542246.979
616;Iran;2016;5462153.83
11;Spain;2016;5228613.421
3;Netherlands;2016;3843717.999
632;Saudi Arabia;2016;3264122.558
624;Israel;2016;3054604.406
220;Egypt;2016;2832073.457
66;Romania;2016;2801685.423
60;Poland;2016;2752851.09
39;Switzerland;2016;2735493.314
17;Belgium;2016;2728080.155
68;Bulgaria;2016;2488143.405
720;China;2016;2378537.723
208;Algeria;2016;1830251.772
75;Russia;2016;1792916.121
608;Syria;2016;1780096.062
204;Morocco;2016;1489797.501
9;Greece;2016;1472536.351
78;Azerbaijan;2016;1387885.891
80;Turkmenistan;2016;1369128.07
72;Ukraine;2016;1330651.172
76;Georgia;2016;1315739.144
30;Sweden;2016;1297560.564
38;Austria;2016;1070710.703
8;Denmark;2016;984215.747
216;Libya;2016;979456.288
61;Czech Republic;2016;948686.464
64;Hungary;2016;947583.392
91;Slovenia;2016;943556.623
601;Turkish Rep. of Nor.Cyprus;2016;941979.616
212;Tunisia;2016;937807.575
604;Lebanon;2016;802371.462
404;Canada;2016;778817.238
628;Jordan;2016;747704.747
79;Kazakhstan;2016;713825.485
664;India;2016;691624.524
10;Portugal;2016;673854.795
800;Australia;2016;661502.226
98;Serbia;2016;619236.906
28;Norway;2016;569524.576
81;Uzbekistan;2016;559425.052
728;South Korea;2016;553437.054
653;Yemen;2016;545331.865
7;Ireland;2016;504577.415
644;Qatar;2016;486428.533
412;Mexico;2016;475730.428
224;Sudan;2016;469916.547
636;Kuwait;2016;441873.11
706;Singapore;2016;427215.623
388;Rep. of South Africa;2016;423282.058
334;Ethiopia;2016;411589.6
740;Hong Kong;2016;409437.649
63;Slovakia;2016;404883.432
96;North Macedonia;2016;395938.854
662;Pakistan;2016;373931.404
73;Belarus;2016;371487.219
732;Japan;2016;359198.353
508;Brazil;2016;342379.797
666;Bangladesh;2016;340496.167
701;Malaysia;2016;329254.474
83;Kyrgyzstan;2016;327845.604
93;Bosnia and Herzegovina;2016;317568.049
70;Albania;2016;312370.727
276;Ghana;2016;303185.535
32;Finland;2016;295885.048
55;Lithuania;2016;282922.884
92;Croatia;2016;282302.967
74;Moldova;2016;279066.608
95;Kosovo;2016;272045.259
700;Indonesia;2016;258839.374
288;Nigeria;2016;248045.934
649;Oman;2016;247989.207
46;Malta;2016;246309.38
690;Vietnam;2016;242394.767
512;Chile;2016;222450.353
54;Latvia;2016;206496.902
640;Bahrain;2016;197856.596
480;Colombia;2016;188570.184
680;Thailand;2016;184417.276
53;Estonia;2016;179999.978
248;Senegal;2016;161909.743
82;Tajikistan;2016;160923.157
660;Afghanistan;2016;149543.498
824;Marshall Islands;2016;143409.4
736;Taiwan;2016;141328.91
346;Kenya;2016;137561.609
330;Angola;2016;132353.762
528;Argentina;2016;130303.952
268;Liberia;2016;121330.134
342;Somalia;2016;119919.786
272;Côte d'Ivoir;2016;119054.901
708;Philippines;2016;114061.949
318;Congo;2016;105889.197
442;Panama;2016;105379.917
804;New Zealand;2016;97913.949
352;Tanzania;2016;97388.173
625;State of Palestine;2016;96737.099
468;British Virgin Isl.;2016;93668.194
504;Peru;2016;88148.699
284;Benin;2016;84603.44
338;Djibouti;2016;82677.811
228;Mauritania;2016;78676.297
260;Guinea;2016;71673.022
44;Gibraltar;2016;70507.517
302;Cameroon;2016;69449.64
232;Mali;2016;66194.678
18;Luxembourg;2016;64231.409
958;Countries and territories not specified;2016;59764.829
370;Madagascar;2016;59709.709
669;Sri Lanka;2016;54910.041
97;Montenegro;2016;52808.862
406;Greenland;2016;51481.004
436;Costa Rica;2016;47168.028
524;Uruguay;2016;43271.35
456;Dominican Rep.;2016;42157.706
389;Namibia;2016;40903.025
264;Sierra Leone;2016;40140.118
500;Ecuador;2016;38966.389
373;Mauritius;2016;36726.56
667;Maldives;2016;36331.026
280;Togo;2016;36066.318
472;Trinidad and Tobago;2016;32181.171
416;Guatemala;2016;30995.988
324;Rwanda;2016;30854.571
676;Myanmar;2016;28166.852
24;Iceland;2016;27384.098
366;Mozambique;2016;26615.849
236;Burkina Faso;2016;26141.774
322;Democratic Rep. of the Congo;2016;25773.968
716;Mongolia;2016;25744.263
314;Gabon;2016;24574.525
240;Niger;2016;23996.293
310;Equatorial Guinea;2016;23982.297
452;Haiti;2016;22486.245
350;Uganda;2016;21794.741
520;Paraguay;2016;19858.734
252;Gambia;2016;19753.247
484;Venezuela;2016;19133.624
244;Chad;2016;18639.305
463;Cayman Islands;2016;18095.923
464;Jamaica;2016;17503.748
378;Zambia;2016;15957.495
336;Eritrea;2016;15665.988
516;Bolivia;2016;15304.251
696;Cambodia;2016;14812.877
488;Guyana;2016;11008.959
453;Bahamas;2016;10897.531
672;Nepal;2016;10192.313
469;Barbados;2016;9508.256
492;Suriname;2016;8600.025
703;Brunei Darussalam;2016;8180.458
424;Honduras;2016;7295.572
837;Cook Islands;2016;7041.377
448;Cuba;2016;6628.995
355;Seychelles;2016;6470.249
421;Belize;2016;6039.31
743;Macao;2016;5665.546
428;El Salvador;2016;5622.565
809;New Caledonia;2016;5305.725
375;Comoros;2016;4878.735
459;Antigua and Barbuda;2016;4751.3
382;Zimbabwe;2016;4634.347
432;Nicaragua;2016;4619.554
37;Liechtenstein;2016;4513.697
257;Guinea-Bissau;2016;4435.121
475;Curaçao;2016;4426.785
391;Botswana;2016;4350.715
247;Cape Verde;2016;4253.352
449;St. Kitts and Nevis;2016;3863.266
377;Mayotte;2016;3815.462
386;Malawi;2016;3789.857
467;St. Vincent and Grenadines;2016;3576.518
822;French Polynesia;2016;3421.678
684;Laos;2016;2245.455
328;Burundi;2016;1861.39
801;Papua New Guinea;2016;1631.445
465;St. Lucia;2016;1564.61
830;American Samoa;2016;1103.834
306;Central African Rep.;2016;1057.305
831;Guam;2016;1012.102
819;Samoa;2016;971.32
474;Aruba;2016;903.938
724;North Korea;2016;877.247
815;Fiji;2016;837.485
413;Bermuda;2016;824.798
473;Grenada;2016;762.266
311;Sao Tome And Principe;2016;736.565
825;Palau;2016;710.537
357;British Ind.Oce.Ter.;2016;570.463
393;Eswatini;2016;548.1
460;Dominica;2016;534.455
816;Vanuatu;2016;438.691
77;Armenia;2016;416.48
832;USA Minor Outlying Islands;2016;382.814
43;Andorra;2016;369.595
457;USA Virgin Isl.;2016;369.002
395;Lesotho;2016;346.613
807;Tuvalu;2016;345.803
817;Tonga;2016;225.36
41;Faroe Islands;2016;224.112
225;South Sudan;2016;196.644
454;Turks And Caicos Isl;2016;145.943
446;Anguilla;2016;108.636
675;Bhutan;2016;97.54
626;Timor-Leste;2016;66.346
47;San Marino;2016;55.776
812;Kiribati;2016;50.092
23;Melilla;2016;48.466
894;French Southern Territories;2016;36.653
811;Vallis and Futuna;2016;18.813
806;Solomon Isl.;2016;18.653
823;Micronesia;2016;18.439
21;Ceuta;2016;10.738
408;St Pierre and Miquelon;2016;6.662
820;Northern Mariana Islands;2016;5.254
833;Cocos Islands;2016;2.764
470;Montserrat;2016;1.234
892;Bouvet Islands;2016;1.015
45;Vatican City State;2016;0.625
329;St. Helena And Dep.;2016;0
529;Falkland Islands;2016;0
838;Niue Island;2016;0
839;Tokelau Islands;2016;0
893;South Georgia and Sandwich. Isl.;2016;0
803;Nauru;2016;0
479;Sint Maarten;2016;0
836;Norfolk Islands;2016;0
891;Antarctica;2016;0
834;Christmas Islands;2016;0
813;Pitcairn;2016;0
466;Saint Barthelemy;2016;0
4;Germany;2015;14490425.59
6;United Kingdom;2015;10822849.97
612;Iraq;2015;9966655.475
5;Italy;2015;7152826.855
400;USA;2015;7019677.522
1;France;2015;6101381.011
39;Switzerland;2015;5707336.909
11;Spain;2015;4948406.954
647;UAE;2015;4935171.59
616;Iran;2015;4115205.203
75;Russia;2015;3684262.911
632;Saudi Arabia;2015;3582769.022
3;Netherlands;2015;3352622.678
220;Egypt;2015;3249097.249
66;Romania;2015;2924657.36
624;Israel;2015;2806578.685
17;Belgium;2015;2724270.566
720;China;2015;2500618.224
60;Poland;2015;2420266.137
78;Azerbaijan;2015;2092206.859
80;Turkmenistan;2015;1968062.32
208;Algeria;2015;1932394.634
608;Syria;2015;1887435.114
68;Bulgaria;2015;1762803.015
216;Libya;2015;1517069.057
9;Greece;2015;1488661.97
204;Morocco;2015;1371417.492
30;Sweden;2015;1273584.724
76;Georgia;2015;1258058.673
72;Ukraine;2015;1181146.625
601;Turkish Rep. of Nor.Cyprus;2015;1058424.827
38;Austria;2015;1044905.861
8;Denmark;2015;934445.93
61;Czech Republic;2015;908721.741
79;Kazakhstan;2015;882334.297
628;Jordan;2015;868639.442
212;Tunisia;2015;848854.452
91;Slovenia;2015;823395.26
64;Hungary;2015;801530.013
604;Lebanon;2015;766960.39
404;Canada;2015;718124.472
664;India;2015;698413.556
728;South Korea;2015;616288.343
10;Portugal;2015;577220.344
63;Slovakia;2015;557289.818
46;Malta;2015;537079.205
800;Australia;2015;531405.235
388;Rep. of South Africa;2015;522531.913
81;Uzbekistan;2015;518157.438
98;Serbia;2015;517271.802
636;Kuwait;2015;501234.065
508;Brazil;2015;478243.576
7;Ireland;2015;473037.118
28;Norway;2015;456156.44
224;Sudan;2015;452211.628
706;Singapore;2015;447231.597
644;Qatar;2015;432844.805
653;Yemen;2015;400993.19
334;Ethiopia;2015;393349.583
288;Nigeria;2015;375808.025
412;Mexico;2015;371912.752
701;Malaysia;2015;364922.117
740;Hong Kong;2015;357287.319
732;Japan;2015;341112.18
96;North Macedonia;2015;337691.56
649;Oman;2015;329526.357
83;Kyrgyzstan;2015;317222.314
55;Lithuania;2015;312522.811
662;Pakistan;2015;301232.554
93;Bosnia and Herzegovina;2015;295962.557
70;Albania;2015;293693.349
666;Bangladesh;2015;271622.667
32;Finland;2015;269512.003
92;Croatia;2015;257373.46
95;Kosovo;2015;250437.509
330;Angola;2015;236402.028
276;Ghana;2015;235317.897
640;Bahrain;2015;227247.732
74;Moldova;2015;223026.786
73;Belarus;2015;217005.107
700;Indonesia;2015;214253.536
504;Peru;2015;199058.662
512;Chile;2015;191876.671
480;Colombia;2015;188940.779
680;Thailand;2015;183658.926
54;Latvia;2015;178880.314
82;Tajikistan;2015;177105.512
736;Taiwan;2015;175115.519
442;Panama;2015;171071.343
660;Afghanistan;2015;166064.795
690;Vietnam;2015;161769.705
346;Kenya;2015;143244.536
318;Congo;2015;132321.326
248;Senegal;2015;132287.095
528;Argentina;2015;126841.062
272;Côte d'Ivoir;2015;121947.82
41;Faroe Islands;2015;121323.531
53;Estonia;2015;120623.444
352;Tanzania;2015;119503.249
268;Liberia;2015;107954.55
708;Philippines;2015;106844.367
228;Mauritania;2015;99685.686
338;Djibouti;2015;99535.123
804;New Zealand;2015;91525.826
302;Cameroon;2015;89944.854
625;State of Palestine;2015;84007.809
389;Namibia;2015;83690.274
824;Marshall Islands;2015;82648.655
284;Benin;2015;80254.668
342;Somalia;2015;72553.35
524;Uruguay;2015;69275.376
260;Guinea;2015;68899.455
24;Iceland;2015;67769.558
314;Gabon;2015;66734.804
468;British Virgin Isl.;2015;57749.745
280;Togo;2015;57004.325
669;Sri Lanka;2015;55061.464
370;Madagascar;2015;53956.059
436;Costa Rica;2015;48195.499
366;Mozambique;2015;47553.617
958;Countries and territories not specified;2015;47486.352
672;Nepal;2015;47307.466
310;Equatorial Guinea;2015;46447.067
264;Sierra Leone;2015;44526.759
463;Cayman Islands;2015;44333.887
18;Luxembourg;2015;42204.714
456;Dominican Rep.;2015;40728.305
97;Montenegro;2015;39767.231
500;Ecuador;2015;39747.425
472;Trinidad and Tobago;2015;35402.386
373;Mauritius;2015;35142.643
322;Democratic Rep. of the Congo;2015;32251.3
240;Niger;2015;31961.623
232;Mali;2015;31595.012
324;Rwanda;2015;31407.663
676;Myanmar;2015;31094.238
378;Zambia;2015;29888.813
416;Guatemala;2015;24546.389
716;Mongolia;2015;24375.396
484;Venezuela;2015;23926.512
452;Haiti;2015;23152.839
350;Uganda;2015;22240.766
44;Gibraltar;2015;22179.906
236;Burkina Faso;2015;21978.71
467;St. Vincent and Grenadines;2015;21660.205
464;Jamaica;2015;18373.916
520;Paraguay;2015;18373.221
667;Maldives;2015;18314.052
244;Chad;2015;17747.506
492;Suriname;2015;16912.874
252;Gambia;2015;16859.04
516;Bolivia;2015;16689.491
453;Bahamas;2015;14471.906
696;Cambodia;2015;14155.888
336;Eritrea;2015;13858.733
488;Guyana;2015;13817.592
448;Cuba;2015;11016.352
424;Honduras;2015;9021.202
421;Belize;2015;8778.331
837;Cook Islands;2015;8157.18
459;Antigua and Barbuda;2015;7933.342
355;Seychelles;2015;7861.627
743;Macao;2015;6891.36
809;New Caledonia;2015;6547.635
257;Guinea-Bissau;2015;5531.252
37;Liechtenstein;2015;5339.248
247;Cape Verde;2015;5259.796
377;Mayotte;2015;5102.158
703;Brunei Darussalam;2015;4869.249
475;Curaçao;2015;4845.592
375;Comoros;2015;4762.534
724;North Korea;2015;4660.705
469;Barbados;2015;4498.614
382;Zimbabwe;2015;4474.552
428;El Salvador;2015;4432.988
449;St. Kitts and Nevis;2015;4095.664
432;Nicaragua;2015;3966.037
386;Malawi;2015;3455.637
801;Papua New Guinea;2015;2587.359
328;Burundi;2015;2509.713
822;French Polynesia;2015;1767.846
816;Vanuatu;2015;1593.651
684;Laos;2015;1436.683
391;Botswana;2015;1418.181
306;Central African Rep.;2015;1187.771
831;Guam;2015;1184.208
393;Eswatini;2015;1132.962
465;St. Lucia;2015;1076.653
413;Bermuda;2015;1068.339
815;Fiji;2015;1063.913
825;Palau;2015;1048.929
43;Andorra;2015;939.558
473;Grenada;2015;778.126
474;Aruba;2015;659.463
460;Dominica;2015;659.386
311;Sao Tome And Principe;2015;511.24
819;Samoa;2015;507.218
807;Tuvalu;2015;456.468
832;USA Minor Outlying Islands;2015;390.488
817;Tonga;2015;373.68
457;USA Virgin Isl.;2015;363.109
806;Solomon Isl.;2015;348.219
830;American Samoa;2015;299.278
357;British Ind.Oce.Ter.;2015;266.711
395;Lesotho;2015;250.648
812;Kiribati;2015;247.664
446;Anguilla;2015;209.733
77;Armenia;2015;135.321
894;French Southern Territories;2015;114.319
454;Turks And Caicos Isl;2015;71.173
820;Northern Mariana Islands;2015;40.519
626;Timor-Leste;2015;30.57
406;Greenland;2015;30.423
675;Bhutan;2015;28.165
833;Cocos Islands;2015;27.886
811;Vallis and Futuna;2015;26.518
45;Vatican City State;2015;17.968
893;South Georgia and Sandwich. Isl.;2015;15.205
47;San Marino;2015;12.953
408;St Pierre and Miquelon;2015;6.213
803;Nauru;2015;1.75
225;South Sudan;2015;0
329;St. Helena And Dep.;2015;0
529;Falkland Islands;2015;0
823;Micronesia;2015;0
838;Niue Island;2015;0
839;Tokelau Islands;2015;0
470;Montserrat;2015;0
21;Ceuta;2015;0
479;Sint Maarten;2015;0
836;Norfolk Islands;2015;0
891;Antarctica;2015;0
834;Christmas Islands;2015;0
813;Pitcairn;2015;0
23;Melilla;2015;0
892;Bouvet Islands;2015;0
466;Saint Barthelemy;2015;0
4;Germany;2014;16275367.17
612;Iraq;2014;13154131.24
6;United Kingdom;2014;10216478.8
5;Italy;2014;7486503.702
400;USA;2014;6921045.528
1;France;2014;6856439.296
75;Russia;2014;6170452.359
11;Spain;2014;4977490.371
647;UAE;2014;4939731.95
616;Iran;2014;4142394.066
3;Netherlands;2014;3654059.142
220;Egypt;2014;3442286.631
39;Switzerland;2014;3238472.509
17;Belgium;2014;3190514.423
66;Romania;2014;3141512.646
632;Saudi Arabia;2014;3137937.474
624;Israel;2014;3063444.198
78;Azerbaijan;2014;3061218.386
720;China;2014;2970633.344
60;Poland;2014;2484489.352
80;Turkmenistan;2014;2367646.431
608;Syria;2014;2336493.765
208;Algeria;2014;2231208.936
216;Libya;2014;2166245.687
68;Bulgaria;2014;2117334.845
72;Ukraine;2014;1855867.368
9;Greece;2014;1668859.967
76;Georgia;2014;1611345.86
204;Morocco;2014;1447519.619
30;Sweden;2014;1436776.963
601;Turkish Rep. of Nor.Cyprus;2014;1240552.051
38;Austria;2014;1153500.499
8;Denmark;2014;1108891.566
79;Kazakhstan;2014;1086994.907
46;Malta;2014;1036146.797
404;Canada;2014;987062.549
61;Czech Republic;2014;976657.886
212;Tunisia;2014;953228.786
628;Jordan;2014;947525.074
604;Lebanon;2014;864605.454
508;Brazil;2014;819010.68
64;Hungary;2014;774667.406
91;Slovenia;2014;756710.667
653;Yemen;2014;652576.986
81;Uzbekistan;2014;650354.543
664;India;2014;618836.859
388;Rep. of South Africa;2014;593238.358
10;Portugal;2014;581701.85
28;Norway;2014;562087.718
800;Australia;2014;544175.872
63;Slovakia;2014;528449.965
98;Serbia;2014;515450.29
728;South Korea;2014;513330.742
288;Nigeria;2014;510155.55
649;Oman;2014;494772.713
7;Ireland;2014;476318.67
662;Pakistan;2014;472485.072
83;Kyrgyzstan;2014;467514.263
740;Hong Kong;2014;452355.772
636;Kuwait;2014;407282.048
706;Singapore;2014;391522.552
732;Japan;2014;380661.983
55;Lithuania;2014;367283.372
644;Qatar;2014;365779.022
96;North Macedonia;2014;355261.913
412;Mexico;2014;343141.066
334;Ethiopia;2014;336139.85
32;Finland;2014;333895.391
224;Sudan;2014;331378.044
70;Albania;2014;327919.296
93;Bosnia and Herzegovina;2014;325564.291
701;Malaysia;2014;324467.43
74;Moldova;2014;319915.938
330;Angola;2014;306772.606
82;Tajikistan;2014;303379.337
92;Croatia;2014;300200.993
504;Peru;2014;290111.84
73;Belarus;2014;285300.517
95;Kosovo;2014;284657.68
666;Bangladesh;2014;250916.254
700;Indonesia;2014;236761.193
442;Panama;2014;231901.729
680;Thailand;2014;221921.047
640;Bahrain;2014;213518.005
824;Marshall Islands;2014;210314.9
54;Latvia;2014;206408.092
512;Chile;2014;203333.549
660;Afghanistan;2014;200095.579
276;Ghana;2014;187212.244
480;Colombia;2014;184417.605
53;Estonia;2014;179842.311
690;Vietnam;2014;175762.188
248;Senegal;2014;169526.964
528;Argentina;2014;156695.925
44;Gibraltar;2014;156323.865
352;Tanzania;2014;153762.844
736;Taiwan;2014;142781.41
708;Philippines;2014;141633.643
346;Kenya;2014;135697.06
268;Liberia;2014;132088.963
524;Uruguay;2014;131727.038
302;Cameroon;2014;117445.96
284;Benin;2014;100732.51
318;Congo;2014;100681.172
228;Mauritania;2014;95836.859
272;Côte d'Ivoir;2014;94985.984
625;State of Palestine;2014;92131.449
804;New Zealand;2014;89508.079
500;Ecuador;2014;83014.116
18;Luxembourg;2014;70329.37
958;Countries and territories not specified;2014;68872.165
260;Guinea;2014;68343.341
456;Dominican Rep.;2014;66416.662
310;Equatorial Guinea;2014;65014.283
342;Somalia;2014;63727.684
338;Djibouti;2014;61385.214
280;Togo;2014;58908.075
314;Gabon;2014;58016.12
669;Sri Lanka;2014;56275.047
370;Madagascar;2014;54372.335
484;Venezuela;2014;52636.446
366;Mozambique;2014;52148.436
472;Trinidad and Tobago;2014;50299.059
436;Costa Rica;2014;49121.32
464;Jamaica;2014;46762.598
264;Sierra Leone;2014;46234.576
322;Democratic Rep. of the Congo;2014;41072.599
463;Cayman Islands;2014;40404.953
373;Mauritius;2014;38636.621
676;Myanmar;2014;38434.302
324;Rwanda;2014;38389.769
452;Haiti;2014;37571.683
716;Mongolia;2014;37046.079
97;Montenegro;2014;36005.096
240;Niger;2014;35518.691
232;Mali;2014;33881.474
520;Paraguay;2014;32259.109
350;Uganda;2014;26629.186
236;Burkina Faso;2014;26068.219
467;St. Vincent and Grenadines;2014;23884.977
378;Zambia;2014;22436.645
672;Nepal;2014;22101.819
252;Gambia;2014;21988.016
421;Belize;2014;21135.744
416;Guatemala;2014;20758.923
244;Chad;2014;19354.691
468;British Virgin Isl.;2014;18924.827
24;Iceland;2014;18873.706
516;Bolivia;2014;18302.971
453;Bahamas;2014;15911.225
459;Antigua and Barbuda;2014;15818.928
448;Cuba;2014;13041.454
488;Guyana;2014;12742.34
492;Suriname;2014;12610.86
696;Cambodia;2014;12114.416
37;Liechtenstein;2014;11981.694
389;Namibia;2014;9598.912
355;Seychelles;2014;9545.119
449;St. Kitts and Nevis;2014;9311.625
424;Honduras;2014;8524.052
469;Barbados;2014;8395.223
667;Maldives;2014;7837.296
743;Macao;2014;7562.723
837;Cook Islands;2014;7367.47
375;Comoros;2014;6833.385
247;Cape Verde;2014;6681.007
257;Guinea-Bissau;2014;6622.48
724;North Korea;2014;6305.499
336;Eritrea;2014;6285.497
306;Central African Rep.;2014;6164.928
475;Curaçao;2014;5980.101
703;Brunei Darussalam;2014;5526.826
809;New Caledonia;2014;5156.73
382;Zimbabwe;2014;5007.463
684;Laos;2014;4837.943
801;Papua New Guinea;2014;3960.702
432;Nicaragua;2014;3769.072
377;Mayotte;2014;3652.512
386;Malawi;2014;2930.643
328;Burundi;2014;2517.573
428;El Salvador;2014;2508.752
391;Botswana;2014;1884.621
831;Guam;2014;1485.234
413;Bermuda;2014;1321.974
816;Vanuatu;2014;1306.043
822;French Polynesia;2014;1245.83
825;Palau;2014;1006.117
807;Tuvalu;2014;987.526
815;Fiji;2014;913.5
393;Eswatini;2014;766.324
819;Samoa;2014;756.759
474;Aruba;2014;713.609
812;Kiribati;2014;656.995
465;St. Lucia;2014;631.764
460;Dominica;2014;580.459
43;Andorra;2014;555.619
817;Tonga;2014;520.931
311;Sao Tome And Principe;2014;518.525
457;USA Virgin Isl.;2014;353.966
832;USA Minor Outlying Islands;2014;314.625
473;Grenada;2014;304.588
357;British Ind.Oce.Ter.;2014;257.561
894;French Southern Territories;2014;184.199
395;Lesotho;2014;178.474
830;American Samoa;2014;145.504
833;Cocos Islands;2014;123.578
41;Faroe Islands;2014;102.88
454;Turks And Caicos Isl;2014;89.075
446;Anguilla;2014;81.68
675;Bhutan;2014;71.707
626;Timor-Leste;2014;51.304
806;Solomon Isl.;2014;42.564
47;San Marino;2014;40.607
408;St Pierre and Miquelon;2014;37.548
893;South Georgia and Sandwich. Isl.;2014;25.89
77;Armenia;2014;24.418
811;Vallis and Futuna;2014;20.859
823;Micronesia;2014;18.242
466;Saint Barthelemy;2014;15.246
21;Ceuta;2014;2.105
406;Greenland;2014;0.609
329;St. Helena And Dep.;2014;0.183
225;South Sudan;2014;0
529;Falkland Islands;2014;0
838;Niue Island;2014;0
839;Tokelau Islands;2014;0
820;Northern Mariana Islands;2014;0
470;Montserrat;2014;0
803;Nauru;2014;0
479;Sint Maarten;2014;0
836;Norfolk Islands;2014;0
891;Antarctica;2014;0
834;Christmas Islands;2014;0
45;Vatican City State;2014;0
813;Pitcairn;2014;0
23;Melilla;2014;0
892;Bouvet Islands;2014;0
4;Germany;2013;14832546.2
612;Iraq;2013;12949890.58
6;United Kingdom;2013;9126732.663
5;Italy;2013;7474295.109
75;Russia;2013;7213894.288
1;France;2013;6654651.341
400;USA;2013;6646601.065
647;UAE;2013;5243565.721
11;Spain;2013;4554380.725
616;Iran;2013;4456195.443
3;Netherlands;2013;3783680.91
720;China;2013;3755649.229
220;Egypt;2013;3336392.383
632;Saudi Arabia;2013;3262257.325
78;Azerbaijan;2013;3174497.031
216;Libya;2013;3131863.74
17;Belgium;2013;2835446.318
624;Israel;2013;2810289.336
66;Romania;2013;2783798.012
72;Ukraine;2013;2387613.155
60;Poland;2013;2137801.938
68;Bulgaria;2013;2136157.181
208;Algeria;2013;2122093.41
80;Turkmenistan;2013;2050248.491
604;Lebanon;2013;1916416.506
9;Greece;2013;1544239.475
76;Georgia;2013;1409042.731
204;Morocco;2013;1310500.549
30;Sweden;2013;1267655.547
608;Syria;2013;1229231.703
601;Turkish Rep. of Nor.Cyprus;2013;1180484.682
79;Kazakhstan;2013;1155814.415
39;Switzerland;2013;1109427.948
38;Austria;2013;1083309.901
212;Tunisia;2013;1029159.551
8;Denmark;2013;1026960.318
404;Canada;2013;973234.079
508;Brazil;2013;965355.77
46;Malta;2013;959442.52
61;Czech Republic;2013;848706.244
628;Jordan;2013;770729.621
64;Hungary;2013;709989.283
91;Slovenia;2013;696772.114
388;Rep. of South Africa;2013;671334.916
10;Portugal;2013;634947.473
28;Norway;2013;625038.585
81;Uzbekistan;2013;624482.311
664;India;2013;615900.245
800;Australia;2013;614523.838
653;Yemen;2013;612839.826
728;South Korea;2013;499859.273
288;Nigeria;2013;473174.03
63;Slovakia;2013;462834.535
98;Serbia;2013;451765.346
740;Hong Kong;2013;440239.511
83;Kyrgyzstan;2013;432301.019
732;Japan;2013;417352.254
55;Lithuania;2013;416173.863
649;Oman;2013;389730.015
662;Pakistan;2013;385265.518
7;Ireland;2013;383575.773
706;Singapore;2013;371579.755
334;Ethiopia;2013;371207.149
636;Kuwait;2013;343104.45
70;Albania;2013;321519.097
528;Argentina;2013;320869.22
73;Belarus;2013;317723.116
82;Tajikistan;2013;309022.569
32;Finland;2013;304347.9
96;North Macedonia;2013;302839.899
224;Sudan;2013;300279.117
74;Moldova;2013;297650.287
95;Kosovo;2013;293040.112
330;Angola;2013;286055.75
701;Malaysia;2013;281501.844
93;Bosnia and Herzegovina;2013;278860.807
504;Peru;2013;277935.052
412;Mexico;2013;276932.65
666;Bangladesh;2013;271684.727
92;Croatia;2013;263623.003
700;Indonesia;2013;260160.769
644;Qatar;2013;254583.468
660;Afghanistan;2013;248879.303
680;Thailand;2013;236665.274
442;Panama;2013;234930.582
512;Chile;2013;225943.001
53;Estonia;2013;202271.093
640;Bahrain;2013;201453.408
276;Ghana;2013;186844.577
54;Latvia;2013;179990.461
708;Philippines;2013;177921.761
346;Kenya;2013;150329.346
352;Tanzania;2013;144661.742
268;Liberia;2013;143342.707
480;Colombia;2013;137533.409
260;Guinea;2013;134681.786
463;Cayman Islands;2013;133292.967
284;Benin;2013;132782.965
248;Senegal;2013;124356.269
824;Marshall Islands;2013;121799.805
736;Taiwan;2013;119800.862
44;Gibraltar;2013;118652.368
690;Vietnam;2013;112959.742
302;Cameroon;2013;108869.885
228;Mauritania;2013;106104.9
314;Gabon;2013;95808.972
318;Congo;2013;95050.251
280;Togo;2013;94663.547
272;Côte d'Ivoir;2013;89274.025
468;British Virgin Isl.;2013;81017.939
500;Ecuador;2013;80447.85
625;State of Palestine;2013;79565.144
484;Venezuela;2013;76949.102
310;Equatorial Guinea;2013;73965.665
804;New Zealand;2013;72861.945
338;Djibouti;2013;71259.162
342;Somalia;2013;61239.188
18;Luxembourg;2013;60985.255
370;Madagascar;2013;59809.027
958;Countries and territories not specified;2013;54501.505
716;Mongolia;2013;53125.158
264;Sierra Leone;2013;47510.075
366;Mozambique;2013;47046.995
240;Niger;2013;46551.096
456;Dominican Rep.;2013;46127.321
524;Uruguay;2013;45439.207
472;Trinidad and Tobago;2013;43187.146
373;Mauritius;2013;41663.337
322;Democratic Rep. of the Congo;2013;39358.562
475;Curaçao;2013;39323.73
669;Sri Lanka;2013;38934.688
464;Jamaica;2013;36178.361
436;Costa Rica;2013;34842.363
252;Gambia;2013;34766.915
97;Montenegro;2013;33012.139
452;Haiti;2013;29359.665
676;Myanmar;2013;25190.069
350;Uganda;2013;23732.522
232;Mali;2013;23294.531
378;Zambia;2013;22326.743
520;Paraguay;2013;21491.694
236;Burkina Faso;2013;20747.43
416;Guatemala;2013;19825.3
516;Bolivia;2013;16907.076
467;St. Vincent and Grenadines;2013;15900.149
421;Belize;2013;15626.394
37;Liechtenstein;2013;15123.304
24;Iceland;2013;14529.202
448;Cuba;2013;14035.519
488;Guyana;2013;13881.589
244;Chad;2013;13465.383
696;Cambodia;2013;12239.048
453;Bahamas;2013;12011.375
459;Antigua and Barbuda;2013;10778.068
355;Seychelles;2013;10454.869
424;Honduras;2013;10043.789
449;St. Kitts and Nevis;2013;9900.934
324;Rwanda;2013;9761.314
382;Zimbabwe;2013;7910.78
743;Macao;2013;7498.327
247;Cape Verde;2013;7140.382
432;Nicaragua;2013;6505.346
724;North Korea;2013;6416.599
377;Mayotte;2013;6102.816
816;Vanuatu;2013;6043.052
684;Laos;2013;5952.891
667;Maldives;2013;5928.312
809;New Caledonia;2013;5886.234
703;Brunei Darussalam;2013;5533.247
492;Suriname;2013;5488.489
386;Malawi;2013;5433.072
257;Guinea-Bissau;2013;5335.25
375;Comoros;2013;5077.73
801;Papua New Guinea;2013;4829.992
837;Cook Islands;2013;3928.075
672;Nepal;2013;3413.002
428;El Salvador;2013;3239.951
469;Barbados;2013;3094.171
389;Namibia;2013;3021.863
391;Botswana;2013;2858.812
822;French Polynesia;2013;1742.673
393;Eswatini;2013;1593.939
831;Guam;2013;1593.78
328;Burundi;2013;1522.905
306;Central African Rep.;2013;1437.675
336;Eritrea;2013;1318.106
460;Dominica;2013;1135.714
819;Samoa;2013;1103.482
815;Fiji;2013;1064.01
457;USA Virgin Isl.;2013;923.761
465;St. Lucia;2013;807.081
473;Grenada;2013;764.516
413;Bermuda;2013;723.612
894;French Southern Territories;2013;607.169
23;Melilla;2013;545.983
311;Sao Tome And Principe;2013;504.454
395;Lesotho;2013;496.949
41;Faroe Islands;2013;480.01
817;Tonga;2013;458.442
825;Palau;2013;429.92
43;Andorra;2013;408.229
47;San Marino;2013;384.736
474;Aruba;2013;300.384
446;Anguilla;2013;253.307
807;Tuvalu;2013;234.398
830;American Samoa;2013;222.228
812;Kiribati;2013;218.172
357;British Ind.Oce.Ter.;2013;168.809
811;Vallis and Futuna;2013;152.622
832;USA Minor Outlying Islands;2013;136.208
77;Armenia;2013;134.477
834;Christmas Islands;2013;112
626;Timor-Leste;2013;72.444
408;St Pierre and Miquelon;2013;71.519
675;Bhutan;2013;58.567
406;Greenland;2013;21.486
806;Solomon Isl.;2013;19.882
823;Micronesia;2013;10.181
45;Vatican City State;2013;4.876
893;South Georgia and Sandwich. Isl.;2013;3.959
803;Nauru;2013;0.171
225;South Sudan;2013;0
454;Turks And Caicos Isl;2013;0
329;St. Helena And Dep.;2013;0
529;Falkland Islands;2013;0
838;Niue Island;2013;0
839;Tokelau Islands;2013;0
820;Northern Mariana Islands;2013;0
470;Montserrat;2013;0
21;Ceuta;2013;0
833;Cocos Islands;2013;0
479;Sint Maarten;2013;0
836;Norfolk Islands;2013;0
891;Antarctica;2013;0
813;Pitcairn;2013;0
892;Bouvet Islands;2013;0
466;Saint Barthelemy;2013;0
