Code;Country;Year;I_Total
720;China;2021;29099543.83
75;Russia;2021;25575826.89
999;Confidential Country;2021;20391279.13
4;Germany;2021;19741912.19
400;USA;2021;11703746.83
5;Italy;2021;10429475.11
664;India;2021;7197060.404
1;France;2021;7174425.069
728;South Korea;2021;6869902.362
11;Spain;2021;5699298.158
17;Belgium;2021;5253596.306
6;United Kingdom;2021;5035830.431
3;Netherlands;2021;4012334.863
72;Ukraine;2021;3969753.53
732;Japan;2021;3953344.18
508;Brazil;2021;3541625.406
60;Poland;2021;3300647.778
66;Romania;2021;3061416.055
632;Saudi Arabia;2021;3029900.878
39;Switzerland;2021;2867559.017
701;Malaysia;2021;2717673.339
616;Iran;2021;2500961.765
61;Czech Republic;2021;2455273.425
68;Bulgaria;2021;2341667.457
647;UAE;2021;2198582.461
220;Egypt;2021;1970856.375
624;Israel;2021;1876129.975
9;Greece;2021;1862688.451
30;Sweden;2021;1787055.612
736;Taiwan;2021;1696083.231
700;Indonesia;2021;1669322.202
38;Austria;2021;1660120.769
81;Uzbekistan;2021;1645831.918
612;Iraq;2021;1587719.168
680;Thailand;2021;1484015.563
64;Hungary;2021;1465721.914
79;Kazakhstan;2021;1454755.5
480;Colombia;2021;1435794.535
690;Vietnam;2021;1411157.054
32;Finland;2021;1209872.723
388;Rep. of South Africa;2021;1081779.002
208;Algeria;2021;1060135.551
10;Portugal;2021;1027631.368
63;Slovakia;2021;954028.14
8;Denmark;2021;945550.008
649;Oman;2021;944167.41
404;Canada;2021;938581.771
7;Ireland;2021;916484.854
412;Mexico;2021;873843.251
800;Australia;2021;856735.424
28;Norway;2021;800837.587
204;Morocco;2021;795071.229
216;Libya;2021;721190.066
78;Azerbaijan;2021;659913.385
80;Turkmenistan;2021;617400.85
644;Qatar;2021;541020.484
55;Lithuania;2021;530413.873
528;Argentina;2021;475504.705
666;Bangladesh;2021;434175.548
76;Georgia;2021;423546.763
484;Venezuela;2021;422225.409
91;Slovenia;2021;413036.946
98;Serbia;2021;402033.353
706;Singapore;2021;347824.203
92;Croatia;2021;346163.857
272;Côte d'Ivoir;2021;336920.782
512;Chile;2021;335768.965
74;Moldova;2021;327443.573
640;Bahrain;2021;297962.501
662;Pakistan;2021;281580.783
228;Mauritania;2021;276636.524
212;Tunisia;2021;249230.575
504;Peru;2021;237552.367
524;Uruguay;2021;234583.64
73;Belarus;2021;226180.59
54;Latvia;2021;208483.232
93;Bosnia and Herzegovina;2021;205129.907
53;Estonia;2021;204482.085
96;North Macedonia;2021;181467.485
608;Syria;2021;175836.646
82;Tajikistan;2021;174827.57
708;Philippines;2021;143912.402
500;Ecuador;2021;135934.888
516;Bolivia;2021;133151.035
18;Luxembourg;2021;124532.554
601;Turkish Rep. of Nor.Cyprus;2021;113562.265
276;Ghana;2021;109970.456
628;Jordan;2021;100346.63
244;Chad;2021;100060.722
46;Malta;2021;95086.173
288;Nigeria;2021;94270.566
224;Sudan;2021;92875.77
669;Sri Lanka;2021;91619.298
636;Kuwait;2021;89871.934
83;Kyrgyzstan;2021;73464.525
740;Hong Kong;2021;63667.483
696;Cambodia;2021;59372.901
70;Albania;2021;56132.396
302;Cameroon;2021;54159.09
232;Mali;2021;50741.617
604;Lebanon;2021;46824.191
436;Costa Rica;2021;43988.219
676;Myanmar;2021;41918.789
366;Mozambique;2021;40141.515
352;Tanzania;2021;38364.042
824;Marshall Islands;2021;32702.165
958;Countries and territories not specified;2021;30908.423
660;Afghanistan;2021;29468.456
804;New Zealand;2021;29280.24
280;Togo;2021;25368.883
24;Iceland;2021;22620.503
456;Dominican Rep.;2021;21792.017
355;Seychelles;2021;21010.906
314;Gabon;2021;20521.263
334;Ethiopia;2021;20300.354
386;Malawi;2021;19819.614
346;Kenya;2021;18627.612
95;Kosovo;2021;18553.199
97;Montenegro;2021;18497.15
653;Yemen;2021;17677.932
442;Panama;2021;16767.893
370;Madagascar;2021;16053.42
672;Nepal;2021;15824.32
382;Zimbabwe;2021;14644.189
416;Guatemala;2021;14192.405
322;Democratic Rep. of the Congo;2021;13060.176
236;Burkina Faso;2021;12488.94
284;Benin;2021;11752.58
448;Cuba;2021;10898.886
350;Uganda;2021;10689.888
625;State of Palestine;2021;10412.149
330;Angola;2021;10193.73
248;Senegal;2021;10125.93
424;Honduras;2021;10007.157
264;Sierra Leone;2021;8193.815
260;Guinea;2021;7751.611
375;Comoros;2021;6733.322
520;Paraguay;2021;6586.349
428;El Salvador;2021;5979.307
240;Niger;2021;5227.537
257;Guinea-Bissau;2021;4888.549
378;Zambia;2021;4681.926
342;Somalia;2021;4483.814
684;Laos;2021;4387.306
77;Armenia;2021;3641.627
268;Liberia;2021;3501.931
488;Guyana;2021;3345.554
421;Belize;2021;3033.857
37;Liechtenstein;2021;2910.739
716;Mongolia;2021;2537.665
463;Cayman Islands;2021;2340.138
318;Congo;2021;2126.329
306;Central African Rep.;2021;2059.683
44;Gibraltar;2021;2012.908
47;San Marino;2021;1778.723
432;Nicaragua;2021;1205.918
373;Mauritius;2021;1102.006
472;Trinidad and Tobago;2021;1076.154
452;Haiti;2021;990.964
825;Palau;2021;959.698
247;Cape Verde;2021;909.776
837;Cook Islands;2021;856.297
453;Bahamas;2021;852.44
41;Faroe Islands;2021;816.436
338;Djibouti;2021;809.357
675;Bhutan;2021;667.92
324;Rwanda;2021;583.061
743;Macao;2021;503.972
816;Vanuatu;2021;230.678
801;Papua New Guinea;2021;203.118
391;Botswana;2021;199.18
395;Lesotho;2021;174.151
464;Jamaica;2021;156.303
838;Niue Island;2021;154.418
252;Gambia;2021;141.869
492;Suriname;2021;131.95
45;Vatican City State;2021;110.513
815;Fiji;2021;105.281
389;Namibia;2021;97.735
807;Tuvalu;2021;84.266
626;Timor-Leste;2021;82.463
328;Burundi;2021;68.727
336;Eritrea;2021;64.162
803;Nauru;2021;61.163
310;Equatorial Guinea;2021;52.901
469;Barbados;2021;41.998
832;USA Minor Outlying Islands;2021;37.419
225;South Sudan;2021;30.383
43;Andorra;2021;29.008
830;American Samoa;2021;20.69
413;Bermuda;2021;18.428
393;Eswatini;2021;13.15
839;Tokelau Islands;2021;10.378
449;St. Kitts and Nevis;2021;8.717
822;French Polynesia;2021;7.918
831;Guam;2021;7.01
703;Brunei Darussalam;2021;5.995
667;Maldives;2021;5.849
460;Dominica;2021;5.45
457;USA Virgin Isl.;2021;3.554
473;Grenada;2021;2.93
406;Greenland;2021;2.433
891;Antarctica;2021;2.241
893;South Georgia and Sandwich. Isl.;2021;1.583
809;New Caledonia;2021;1.47
467;St. Vincent and Grenadines;2021;1.18
823;Micronesia;2021;0.471
834;Christmas Islands;2021;0.438
806;Solomon Isl.;2021;0.424
454;Turks And Caicos Isl;2021;0.317
474;Aruba;2021;0.308
833;Cocos Islands;2021;0.262
357;British Ind.Oce.Ter.;2021;0.238
446;Anguilla;2021;0.235
459;Antigua and Barbuda;2021;0.169
820;Northern Mariana Islands;2021;0.12
465;St. Lucia;2021;0.096
894;French Southern Territories;2021;0.019
377;Mayotte;2021;0.018
468;British Virgin Isl.;2021;0.012
812;Kiribati;2021;0.011
819;Samoa;2021;0.01
724;North Korea;2021;0
470;Montserrat;2021;0
311;Sao Tome And Principe;2021;0
835;Heard Island and Mc Donald Isl.;2021;0
811;Vallis and Futuna;2021;0
475;Curaçao;2021;0
329;St. Helena And Dep.;2021;0
408;St Pierre and Miquelon;2021;0
813;Pitcairn;2021;0
529;Falkland Islands;2021;0
836;Norfolk Islands;2021;0
21;Ceuta;2021;0
23;Melilla;2021;0
817;Tonga;2021;0
892;Bouvet Islands;2021;0
950;Stores and Provinces;2021;0
720;China;2020;23041354.11
4;Germany;2020;21732759.01
75;Russia;2020;17829308.59
999;Confidential Country;2020;13662686.37
400;USA;2020;11524950.89
5;Italy;2020;9199617.135
612;Iraq;2020;8201651.248
39;Switzerland;2020;7770803.685
1;France;2020;6988073.743
728;South Korea;2020;5734268.456
647;UAE;2020;5603801.304
6;United Kingdom;2020;5582666.464
11;Spain;2020;5039427.792
664;India;2020;4830114.822
732;Japan;2020;3743373.49
17;Belgium;2020;3716087.56
3;Netherlands;2020;3628586.1
508;Brazil;2020;3228346.51
60;Poland;2020;3005108.293
66;Romania;2020;2769252.937
61;Czech Republic;2020;2746267.568
72;Ukraine;2020;2590374.549
68;Bulgaria;2020;2124161.873
701;Malaysia;2020;1989963.382
30;Sweden;2020;1763749.603
220;Egypt;2020;1722943.812
632;Saudi Arabia;2020;1719668.131
216;Libya;2020;1674296.534
624;Israel;2020;1496260.181
64;Hungary;2020;1470677.903
38;Austria;2020;1465026.545
736;Taiwan;2020;1443447.612
690;Vietnam;2020;1369194.019
9;Greece;2020;1320976.008
680;Thailand;2020;1210609.063
616;Iran;2020;1192718.379
700;Indonesia;2020;1184812.629
79;Kazakhstan;2020;1180549.089
404;Canada;2020;1078393.016
480;Colombia;2020;1013175.518
32;Finland;2020;1009074.05
63;Slovakia;2020;978397.401
81;Uzbekistan;2020;969980.923
10;Portugal;2020;960100.181
7;Ireland;2020;916994.429
388;Rep. of South Africa;2020;887895.895
8;Denmark;2020;843895.902
412;Mexico;2020;833480.824
28;Norway;2020;682064.362
204;Morocco;2020;642097.447
666;Bangladesh;2020;569883.464
208;Algeria;2020;567383.592
528;Argentina;2020;557477.906
55;Lithuania;2020;459100.205
98;Serbia;2020;432305.122
78;Azerbaijan;2020;410710.278
800;Australia;2020;406697.901
91;Slovenia;2020;390164.571
76;Georgia;2020;348883.558
649;Oman;2020;329576.574
272;Côte d'Ivoir;2020;322637.878
80;Turkmenistan;2020;319386.759
644;Qatar;2020;301504.577
706;Singapore;2020;299747.866
512;Chile;2020;294600.24
276;Ghana;2020;294084.642
504;Peru;2020;288599.912
662;Pakistan;2020;268762.63
740;Hong Kong;2020;254349.069
608;Syria;2020;246873.72
92;Croatia;2020;241349.409
524;Uruguay;2020;225294.373
93;Bosnia and Herzegovina;2020;203069.161
74;Moldova;2020;181389.042
640;Bahrain;2020;177923.47
73;Belarus;2020;176005.32
516;Bolivia;2020;167162.261
53;Estonia;2020;166325.393
260;Guinea;2020;162016.667
500;Ecuador;2020;155895.652
54;Latvia;2020;155479.376
212;Tunisia;2020;150604.647
82;Tajikistan;2020;149040.301
18;Luxembourg;2020;139745.83
96;North Macedonia;2020;130732.944
708;Philippines;2020;129980.976
288;Nigeria;2020;128978.082
46;Malta;2020;107129.468
224;Sudan;2020;105465.059
268;Liberia;2020;100209.136
628;Jordan;2020;94201.054
83;Kyrgyzstan;2020;91158.666
669;Sri Lanka;2020;89890.236
601;Turkish Rep. of Nor.Cyprus;2020;80082.202
366;Mozambique;2020;71046.172
244;Chad;2020;70731.86
436;Costa Rica;2020;65992.566
696;Cambodia;2020;63784.328
484;Venezuela;2020;61778.067
324;Rwanda;2020;54052.029
636;Kuwait;2020;53385.23
604;Lebanon;2020;51548.704
352;Tanzania;2020;49680.738
676;Myanmar;2020;48429.212
302;Cameroon;2020;43775.261
334;Ethiopia;2020;40527.249
442;Panama;2020;40216.561
824;Marshall Islands;2020;37919.537
625;State of Palestine;2020;35993.161
804;New Zealand;2020;35599.207
70;Albania;2020;33589.025
660;Afghanistan;2020;27298.825
228;Mauritania;2020;27038.655
24;Iceland;2020;25963.697
346;Kenya;2020;24047.613
958;Countries and territories not specified;2020;23177.049
472;Trinidad and Tobago;2020;22895.458
314;Gabon;2020;20375.646
386;Malawi;2020;19806.916
248;Senegal;2020;19028.784
97;Montenegro;2020;18019.859
416;Guatemala;2020;17807.335
456;Dominican Rep.;2020;17015.594
370;Madagascar;2020;14626.878
672;Nepal;2020;14389.199
95;Kosovo;2020;13596.498
382;Zimbabwe;2020;13584.07
448;Cuba;2020;13016.679
280;Togo;2020;10881.142
350;Uganda;2020;9092.978
355;Seychelles;2020;9045.632
825;Palau;2020;9032.865
318;Congo;2020;8704.22
653;Yemen;2020;7665.651
236;Burkina Faso;2020;7510.177
453;Bahamas;2020;7414.302
424;Honduras;2020;5841.975
284;Benin;2020;5465.154
342;Somalia;2020;4938.346
375;Comoros;2020;4646.037
330;Angola;2020;4228.35
520;Paraguay;2020;4186.648
378;Zambia;2020;4135.236
684;Laos;2020;3832.003
232;Mali;2020;3806.556
77;Armenia;2020;3351.656
373;Mauritius;2020;2702.36
716;Mongolia;2020;2107.394
449;St. Kitts and Nevis;2020;1980.611
428;El Salvador;2020;1903.814
264;Sierra Leone;2020;1788.379
306;Central African Rep.;2020;1774.099
47;San Marino;2020;1759.501
252;Gambia;2020;1459.508
488;Guyana;2020;1401.355
467;St. Vincent and Grenadines;2020;1194.171
41;Faroe Islands;2020;1191.719
257;Guinea-Bissau;2020;1180.499
322;Democratic Rep. of the Congo;2020;939.083
37;Liechtenstein;2020;938.987
432;Nicaragua;2020;932.248
675;Bhutan;2020;921.365
452;Haiti;2020;709.359
44;Gibraltar;2020;624.956
801;Papua New Guinea;2020;365.051
832;USA Minor Outlying Islands;2020;243.057
457;USA Virgin Isl.;2020;187.817
240;Niger;2020;165.914
464;Jamaica;2020;160.432
389;Namibia;2020;129.229
328;Burundi;2020;107.27
807;Tuvalu;2020;98.833
724;North Korea;2020;93.304
838;Niue Island;2020;81.037
492;Suriname;2020;80.996
459;Antigua and Barbuda;2020;72.857
626;Timor-Leste;2020;68.308
460;Dominica;2020;62.617
338;Djibouti;2020;53.916
815;Fiji;2020;45.019
803;Nauru;2020;41.671
470;Montserrat;2020;40.001
743;Macao;2020;33.751
311;Sao Tome And Principe;2020;25.843
310;Equatorial Guinea;2020;25.421
667;Maldives;2020;24.077
830;American Samoa;2020;23.856
835;Heard Island and Mc Donald Isl.;2020;22.949
469;Barbados;2020;18.721
463;Cayman Islands;2020;17.985
822;French Polynesia;2020;14.312
703;Brunei Darussalam;2020;14.05
839;Tokelau Islands;2020;13.946
811;Vallis and Futuna;2020;13.831
395;Lesotho;2020;12.879
406;Greenland;2020;12.323
43;Andorra;2020;12.124
247;Cape Verde;2020;9.4
393;Eswatini;2020;9.36
454;Turks And Caicos Isl;2020;9.324
391;Botswana;2020;5.386
336;Eritrea;2020;4.193
413;Bermuda;2020;3.315
421;Belize;2020;2.284
475;Curaçao;2020;1.999
473;Grenada;2020;1.514
812;Kiribati;2020;1.463
329;St. Helena And Dep.;2020;1.046
809;New Caledonia;2020;0.718
225;South Sudan;2020;0.677
833;Cocos Islands;2020;0.662
377;Mayotte;2020;0.414
834;Christmas Islands;2020;0.375
408;St Pierre and Miquelon;2020;0.361
816;Vanuatu;2020;0.295
813;Pitcairn;2020;0.129
837;Cook Islands;2020;0
45;Vatican City State;2020;0
831;Guam;2020;0
891;Antarctica;2020;0
893;South Georgia and Sandwich. Isl.;2020;0
823;Micronesia;2020;0
806;Solomon Isl.;2020;0
474;Aruba;2020;0
357;British Ind.Oce.Ter.;2020;0
446;Anguilla;2020;0
820;Northern Mariana Islands;2020;0
465;St. Lucia;2020;0
894;French Southern Territories;2020;0
468;British Virgin Isl.;2020;0
819;Samoa;2020;0
529;Falkland Islands;2020;0
836;Norfolk Islands;2020;0
21;Ceuta;2020;0
23;Melilla;2020;0
817;Tonga;2020;0
892;Bouvet Islands;2020;0
950;Stores and Provinces;2020;0
75;Russia;2019;23115236.23
4;Germany;2019;19280398.51
720;China;2019;19128159.87
999;Confidential Country;2019;15146996.67
400;USA;2019;11847373.37
5;Italy;2019;9349592.818
1;France;2019;6760063.911
664;India;2019;6635216.803
728;South Korea;2019;5777022.349
6;United Kingdom;2019;5638296.329
11;Spain;2019;4446112.934
647;UAE;2019;4388996.383
732;Japan;2019;3647961.645
616;Iran;2019;3608218.512
39;Switzerland;2019;3374800.397
17;Belgium;2019;3229279.703
3;Netherlands;2019;3202985.035
66;Romania;2019;2770907.789
72;Ukraine;2019;2725419.185
612;Iraq;2019;2678192.909
508;Brazil;2019;2655109.12
60;Poland;2019;2603243.204
68;Bulgaria;2019;2384901.108
61;Czech Republic;2019;2338350.131
632;Saudi Arabia;2019;2005216.796
220;Egypt;2019;1903804.826
701;Malaysia;2019;1847830.897
404;Canada;2019;1631782.461
624;Israel;2019;1600818.044
30;Sweden;2019;1578250.645
690;Vietnam;2019;1574622.06
9;Greece;2019;1474999.49
480;Colombia;2019;1438050.646
79;Kazakhstan;2019;1403956.393
38;Austria;2019;1360986.247
700;Indonesia;2019;1352296.393
64;Hungary;2019;1308084.79
736;Taiwan;2019;1283466.827
680;Thailand;2019;1140699.632
81;Uzbekistan;2019;1140193.214
800;Australia;2019;1034271.653
8;Denmark;2019;963149.215
32;Finland;2019;911244.551
10;Portugal;2019;903201.292
7;Ireland;2019;826109.554
28;Norway;2019;775897.731
63;Slovakia;2019;771584.493
388;Rep. of South Africa;2019;754214.012
412;Mexico;2019;742063.694
208;Algeria;2019;719266.723
204;Morocco;2019;713305.707
528;Argentina;2019;514802.759
666;Bangladesh;2019;508630.391
216;Libya;2019;483501.799
98;Serbia;2019;437522.023
78;Azerbaijan;2019;411021.557
91;Slovenia;2019;372143.498
80;Turkmenistan;2019;344773.875
644;Qatar;2019;310668.39
662;Pakistan;2019;306264.7
55;Lithuania;2019;304062.078
524;Uruguay;2019;303070.938
706;Singapore;2019;286387.447
76;Georgia;2019;272350.335
74;Moldova;2019;264285.664
740;Hong Kong;2019;263504.661
512;Chile;2019;250722.778
649;Oman;2019;226561.325
92;Croatia;2019;224026.943
82;Tajikistan;2019;198072.319
53;Estonia;2019;195646.279
93;Bosnia and Herzegovina;2019;193581.502
640;Bahrain;2019;191813.228
212;Tunisia;2019;190113.163
272;Côte d'Ivoir;2019;183592.426
500;Ecuador;2019;170994.756
54;Latvia;2019;166667.157
73;Belarus;2019;165074.35
288;Nigeria;2019;156020.743
636;Kuwait;2019;146805.224
708;Philippines;2019;137609.842
608;Syria;2019;117715.598
18;Luxembourg;2019;114563.435
516;Bolivia;2019;112155.132
96;North Macedonia;2019;107584.863
276;Ghana;2019;102273.721
669;Sri Lanka;2019;101460.667
228;Mauritania;2019;83223.69
224;Sudan;2019;82265.804
83;Kyrgyzstan;2019;77243.715
696;Cambodia;2019;73336.165
504;Peru;2019;72832.033
366;Mozambique;2019;72740.877
46;Malta;2019;72491.832
604;Lebanon;2019;64239.052
601;Turkish Rep. of Nor.Cyprus;2019;62465.208
436;Costa Rica;2019;56501.101
472;Trinidad and Tobago;2019;52584.089
676;Myanmar;2019;52233.434
302;Cameroon;2019;52142.896
334;Ethiopia;2019;51483.589
804;New Zealand;2019;49542.456
628;Jordan;2019;48962.924
520;Paraguay;2019;35688.892
244;Chad;2019;35332.873
352;Tanzania;2019;29750.856
672;Nepal;2019;26808.048
24;Iceland;2019;26536.555
660;Afghanistan;2019;24053.312
70;Albania;2019;22276.352
236;Burkina Faso;2019;20617.907
448;Cuba;2019;20231.819
484;Venezuela;2019;19798.522
386;Malawi;2019;18004.549
346;Kenya;2019;17310.028
824;Marshall Islands;2019;17227.373
456;Dominican Rep.;2019;16781.327
284;Benin;2019;15923.858
416;Guatemala;2019;13663.191
382;Zimbabwe;2019;12923.818
97;Montenegro;2019;12912.263
268;Liberia;2019;12572.828
442;Panama;2019;12273.385
280;Togo;2019;10549.647
248;Senegal;2019;10209.14
370;Madagascar;2019;9784.467
625;State of Palestine;2019;9034.482
95;Kosovo;2019;8766.468
232;Mali;2019;8665.402
314;Gabon;2019;8324.335
355;Seychelles;2019;7783.023
375;Comoros;2019;7777.128
350;Uganda;2019;7487.249
342;Somalia;2019;6979.975
684;Laos;2019;6719.391
467;St. Vincent and Grenadines;2019;6533.814
459;Antigua and Barbuda;2019;6346.215
378;Zambia;2019;5570.516
653;Yemen;2019;5506.162
424;Honduras;2019;4909.841
260;Guinea;2019;4865.015
310;Equatorial Guinea;2019;3698.654
421;Belize;2019;3650.685
373;Mauritius;2019;3327.925
264;Sierra Leone;2019;2946.034
77;Armenia;2019;2665.26
389;Namibia;2019;2444.43
428;El Salvador;2019;2432.324
330;Angola;2019;2323.81
37;Liechtenstein;2019;2262.017
306;Central African Rep.;2019;1977.172
958;Countries and territories not specified;2019;1741.388
47;San Marino;2019;1533.876
675;Bhutan;2019;1486.994
318;Congo;2019;1471.456
252;Gambia;2019;1337.681
488;Guyana;2019;1168.742
464;Jamaica;2019;1079.798
432;Nicaragua;2019;820.026
452;Haiti;2019;701
825;Palau;2019;680.733
257;Guinea-Bissau;2019;651.787
716;Mongolia;2019;594.353
247;Cape Verde;2019;537.93
891;Antarctica;2019;528.338
328;Burundi;2019;485.112
322;Democratic Rep. of the Congo;2019;460.538
453;Bahamas;2019;365.813
816;Vanuatu;2019;310
801;Papua New Guinea;2019;294.651
492;Suriname;2019;219.151
41;Faroe Islands;2019;199.393
324;Rwanda;2019;183.504
393;Eswatini;2019;153.218
240;Niger;2019;151.085
832;USA Minor Outlying Islands;2019;136.326
457;USA Virgin Isl.;2019;96.171
357;British Ind.Oce.Ter.;2019;93.753
838;Niue Island;2019;92.503
463;Cayman Islands;2019;87.674
469;Barbados;2019;84.137
724;North Korea;2019;74.528
815;Fiji;2019;73.223
830;American Samoa;2019;72.44
822;French Polynesia;2019;53.356
839;Tokelau Islands;2019;42.691
338;Djibouti;2019;42.624
43;Andorra;2019;40.598
391;Botswana;2019;39.279
406;Greenland;2019;36.629
395;Lesotho;2019;29.109
413;Bermuda;2019;26.245
894;French Southern Territories;2019;25.763
529;Falkland Islands;2019;20.1
667;Maldives;2019;18.396
743;Macao;2019;18.147
803;Nauru;2019;18.081
468;British Virgin Isl.;2019;10.597
329;St. Helena And Dep.;2019;10.473
834;Christmas Islands;2019;7.326
465;St. Lucia;2019;6.33
819;Samoa;2019;3.988
449;St. Kitts and Nevis;2019;3.507
408;St Pierre and Miquelon;2019;2.675
460;Dominica;2019;2.62
809;New Caledonia;2019;2.453
473;Grenada;2019;2.163
806;Solomon Isl.;2019;1.541
44;Gibraltar;2019;1.029
703;Brunei Darussalam;2019;0.838
454;Turks And Caicos Isl;2019;0.784
45;Vatican City State;2019;0.554
626;Timor-Leste;2019;0.524
820;Northern Mariana Islands;2019;0.443
833;Cocos Islands;2019;0.351
377;Mayotte;2019;0.182
807;Tuvalu;2019;0.176
837;Cook Islands;2019;0
336;Eritrea;2019;0
225;South Sudan;2019;0
831;Guam;2019;0
893;South Georgia and Sandwich. Isl.;2019;0
823;Micronesia;2019;0
474;Aruba;2019;0
446;Anguilla;2019;0
812;Kiribati;2019;0
470;Montserrat;2019;0
311;Sao Tome And Principe;2019;0
835;Heard Island and Mc Donald Isl.;2019;0
811;Vallis and Futuna;2019;0
475;Curaçao;2019;0
813;Pitcairn;2019;0
836;Norfolk Islands;2019;0
21;Ceuta;2019;0
23;Melilla;2019;0
817;Tonga;2019;0
892;Bouvet Islands;2019;0
950;Stores and Provinces;2019;0
75;Russia;2018;22710751.22
4;Germany;2018;21535223.04
720;China;2018;21506001.14
400;USA;2018;12995754.41
999;Confidential Country;2018;10980982.19
5;Italy;2018;10791918.75
1;France;2018;7836528.018
6;United Kingdom;2018;7637467.795
664;India;2018;7524705.173
616;Iran;2018;7040696.428
728;South Korea;2018;6638437.911
11;Spain;2018;5682749.878
732;Japan;2018;4515221.751
647;UAE;2018;3810185
17;Belgium;2018;3646331.285
3;Netherlands;2018;3448908.997
508;Brazil;2018;3303734.71
60;Poland;2018;3229871.19
39;Switzerland;2018;2884348.867
72;Ukraine;2018;2753653.507
61;Czech Republic;2018;2746990.155
66;Romania;2018;2720956.086
68;Bulgaria;2018;2545866.887
632;Saudi Arabia;2018;2512785.678
701;Malaysia;2018;2251570.567
220;Egypt;2018;2168478.142
9;Greece;2018;2059363.496
624;Israel;2018;2001204.8
404;Canada;2018;1982554.294
690;Vietnam;2018;1917259.304
480;Colombia;2018;1891173.367
30;Sweden;2018;1782261.659
736;Taiwan;2018;1728038.213
612;Iraq;2018;1631186.021
79;Kazakhstan;2018;1601678.335
38;Austria;2018;1579294.932
64;Hungary;2018;1518647.65
680;Thailand;2018;1402014.63
388;Rep. of South Africa;2018;1381693.502
700;Indonesia;2018;1361378.834
208;Algeria;2018;1158500.606
800;Australia;2018;1073871.306
32;Finland;2018;1010230.505
484;Venezuela;2018;1009583.473
7;Ireland;2018;908762.694
81;Uzbekistan;2018;869604.612
8;Denmark;2018;857224.363
63;Slovakia;2018;798478.955
10;Portugal;2018;771637.983
28;Norway;2018;768033.942
204;Morocco;2018;752929.709
412;Mexico;2018;672815.952
666;Bangladesh;2018;566215.784
528;Argentina;2018;545679.615
524;Uruguay;2018;496622.968
78;Azerbaijan;2018;408427.975
55;Lithuania;2018;401407.572
98;Serbia;2018;393554.359
644;Qatar;2018;390636.353
512;Chile;2018;388190.766
80;Turkmenistan;2018;379508.25
216;Libya;2018;371677.574
91;Slovenia;2018;363547.674
706;Singapore;2018;359159.57
662;Pakistan;2018;345531.102
82;Tajikistan;2018;264795.252
76;Georgia;2018;258701.493
93;Bosnia and Herzegovina;2018;239264.821
212;Tunisia;2018;233960.552
53;Estonia;2018;225171.656
500;Ecuador;2018;218701.509
636;Kuwait;2018;217386.048
92;Croatia;2018;212681.192
74;Moldova;2018;198507.415
272;Côte d'Ivoir;2018;195937.78
640;Bahrain;2018;189598.632
604;Lebanon;2018;175831.614
18;Luxembourg;2018;171819.661
73;Belarus;2018;168667.694
54;Latvia;2018;166673.58
740;Hong Kong;2018;151444.544
288;Nigeria;2018;143286.846
708;Philippines;2018;127545.933
96;North Macedonia;2018;119147.369
504;Peru;2018;109159.856
608;Syria;2018;103933.183
520;Paraguay;2018;103850.99
628;Jordan;2018;103187.614
669;Sri Lanka;2018;97880.739
366;Mozambique;2018;93291.789
516;Bolivia;2018;92218.55
601;Turkish Rep. of Nor.Cyprus;2018;89415.762
224;Sudan;2018;86948.85
696;Cambodia;2018;80753.05
276;Ghana;2018;77653.15
649;Oman;2018;69544.58
260;Guinea;2018;66123.839
83;Kyrgyzstan;2018;64030.795
302;Cameroon;2018;48710.253
436;Costa Rica;2018;44856.523
804;New Zealand;2018;41996.597
676;Myanmar;2018;41880.452
442;Panama;2018;41710.431
672;Nepal;2018;41085.463
352;Tanzania;2018;40919.302
334;Ethiopia;2018;39473.784
46;Malta;2018;38701.2
228;Mauritania;2018;29167.648
24;Iceland;2018;28297.737
284;Benin;2018;26865.737
244;Chad;2018;25142.466
660;Afghanistan;2018;24615.618
70;Albania;2018;23871.202
816;Vanuatu;2018;21431.776
232;Mali;2018;20137.027
448;Cuba;2018;19414.791
346;Kenya;2018;18932.585
280;Togo;2018;17917.355
456;Dominican Rep.;2018;17223.264
386;Malawi;2018;15606.518
97;Montenegro;2018;14333.971
268;Liberia;2018;13878.109
248;Senegal;2018;12676.92
416;Guatemala;2018;11915.024
472;Trinidad and Tobago;2018;10583.853
350;Uganda;2018;10290.535
95;Kosovo;2018;9622.39
355;Seychelles;2018;9351.47
236;Burkina Faso;2018;8877.496
958;Countries and territories not specified;2018;8322.622
314;Gabon;2018;8200.348
322;Democratic Rep. of the Congo;2018;7757.771
382;Zimbabwe;2018;7598.397
375;Comoros;2018;7442.642
468;British Virgin Isl.;2018;7323.031
370;Madagascar;2018;7176.477
625;State of Palestine;2018;7057.245
684;Laos;2018;6917.022
824;Marshall Islands;2018;6755.15
342;Somalia;2018;6626.35
716;Mongolia;2018;4279.528
428;El Salvador;2018;4167.182
318;Congo;2018;3969.396
378;Zambia;2018;3711.533
424;Honduras;2018;3531.857
488;Guyana;2018;3185.654
306;Central African Rep.;2018;3015.984
373;Mauritius;2018;2983.062
449;St. Kitts and Nevis;2018;2961.327
264;Sierra Leone;2018;2815.313
453;Bahamas;2018;2757.997
37;Liechtenstein;2018;2250.709
240;Niger;2018;2217.23
675;Bhutan;2018;2213.063
77;Armenia;2018;2110.012
330;Angola;2018;2021.441
389;Namibia;2018;1892.208
469;Barbados;2018;1702.519
825;Palau;2018;1444.371
47;San Marino;2018;1415.852
724;North Korea;2018;1262.185
653;Yemen;2018;1248.235
467;St. Vincent and Grenadines;2018;1103.197
421;Belize;2018;1069.158
464;Jamaica;2018;647.888
819;Samoa;2018;540.566
432;Nicaragua;2018;503.094
247;Cape Verde;2018;472.105
492;Suriname;2018;355.701
452;Haiti;2018;301.608
310;Equatorial Guinea;2018;300.388
41;Faroe Islands;2018;257.383
801;Papua New Guinea;2018;200.847
473;Grenada;2018;197.889
338;Djibouti;2018;190.415
328;Burundi;2018;160.89
225;South Sudan;2018;149.52
324;Rwanda;2018;131.615
838;Niue Island;2018;130.053
463;Cayman Islands;2018;121.496
460;Dominica;2018;102.01
807;Tuvalu;2018;85.642
822;French Polynesia;2018;82.562
252;Gambia;2018;63.412
830;American Samoa;2018;62.043
457;USA Virgin Isl.;2018;59.259
43;Andorra;2018;58.809
393;Eswatini;2018;53.884
703;Brunei Darussalam;2018;47.36
894;French Southern Territories;2018;41.661
529;Falkland Islands;2018;40.349
815;Fiji;2018;34.814
44;Gibraltar;2018;31.193
743;Macao;2018;28.933
465;St. Lucia;2018;26.786
336;Eritrea;2018;22.76
832;USA Minor Outlying Islands;2018;21.228
626;Timor-Leste;2018;21.016
809;New Caledonia;2018;19.669
413;Bermuda;2018;15.93
839;Tokelau Islands;2018;13.141
667;Maldives;2018;13.12
893;South Georgia and Sandwich. Isl.;2018;12.169
406;Greenland;2018;9.75
311;Sao Tome And Principe;2018;9.499
803;Nauru;2018;8.158
820;Northern Mariana Islands;2018;5.983
395;Lesotho;2018;5.302
391;Botswana;2018;4.479
454;Turks And Caicos Isl;2018;2.063
837;Cook Islands;2018;1.763
459;Antigua and Barbuda;2018;1.574
806;Solomon Isl.;2018;1.415
474;Aruba;2018;0.862
833;Cocos Islands;2018;0.381
357;British Ind.Oce.Ter.;2018;0.26
329;St. Helena And Dep.;2018;0.174
834;Christmas Islands;2018;0.149
891;Antarctica;2018;0.145
408;St Pierre and Miquelon;2018;0.115
257;Guinea-Bissau;2018;0
45;Vatican City State;2018;0
831;Guam;2018;0
823;Micronesia;2018;0
446;Anguilla;2018;0
377;Mayotte;2018;0
812;Kiribati;2018;0
470;Montserrat;2018;0
835;Heard Island and Mc Donald Isl.;2018;0
811;Vallis and Futuna;2018;0
475;Curaçao;2018;0
813;Pitcairn;2018;0
836;Norfolk Islands;2018;0
21;Ceuta;2018;0
23;Melilla;2018;0
817;Tonga;2018;0
892;Bouvet Islands;2018;0
950;Stores and Provinces;2018;0
720;China;2017;23753643.67
4;Germany;2017;22281368.5
75;Russia;2017;20097026.96
400;USA;2017;12288503.15
5;Italy;2017;12119734.06
1;France;2017;8425089.111
999;Confidential Country;2017;8176609.716
616;Iran;2017;7607955.642
39;Switzerland;2017;6946016.353
728;South Korea;2017;6822628.994
6;United Kingdom;2017;6806375.093
11;Spain;2017;6531630.97
664;India;2017;6116450.758
647;UAE;2017;5588390.411
732;Japan;2017;4434186.176
17;Belgium;2017;3871277.653
3;Netherlands;2017;3856922.35
60;Poland;2017;3604584.901
701;Malaysia;2017;3097171.214
72;Ukraine;2017;2936030.256
61;Czech Republic;2017;2924205.323
68;Bulgaria;2017;2791322.652
690;Vietnam;2017;2687087.615
508;Brazil;2017;2603611.203
66;Romania;2017;2596477.406
404;Canada;2017;2235548.568
800;Australia;2017;2226215.428
632;Saudi Arabia;2017;2219561.559
736;Taiwan;2017;2033537.287
220;Egypt;2017;2013962.131
680;Thailand;2017;1906713.504
9;Greece;2017;1864022.295
30;Sweden;2017;1804919.151
388;Rep. of South Africa;2017;1717269.599
624;Israel;2017;1662530.966
612;Iraq;2017;1608958.949
64;Hungary;2017;1590358.003
480;Colombia;2017;1567267.645
38;Austria;2017;1530537.641
700;Indonesia;2017;1495465.821
79;Kazakhstan;2017;1493795.933
7;Ireland;2017;989118.98
32;Finland;2017;963659.181
204;Morocco;2017;930871.097
63;Slovakia;2017;917668.468
412;Mexico;2017;838469.629
81;Uzbekistan;2017;838368.936
8;Denmark;2017;837979.34
28;Norway;2017;820311.283
208;Algeria;2017;796655.524
666;Bangladesh;2017;762372.698
10;Portugal;2017;726129.246
528;Argentina;2017;653473.217
55;Lithuania;2017;504250.409
98;Serbia;2017;492824.379
80;Turkmenistan;2017;487294.376
706;Singapore;2017;411512.536
91;Slovenia;2017;398240.231
524;Uruguay;2017;386607.169
78;Azerbaijan;2017;384145.665
662;Pakistan;2017;349557.157
520;Paraguay;2017;307063.373
512;Chile;2017;296495.7
644;Qatar;2017;293654.836
53;Estonia;2017;287324.571
93;Bosnia and Herzegovina;2017;267618.202
272;Côte d'Ivoir;2017;259324.062
636;Kuwait;2017;237915.637
500;Ecuador;2017;234582.844
216;Libya;2017;232086.831
212;Tunisia;2017;229884.284
82;Tajikistan;2017;224030.52
92;Croatia;2017;222730.171
76;Georgia;2017;219607.498
74;Moldova;2017;218302.033
73;Belarus;2017;184324.546
640;Bahrain;2017;171529.835
83;Kyrgyzstan;2017;155124.267
708;Philippines;2017;150736.735
366;Mozambique;2017;146943.256
288;Nigeria;2017;145047.646
54;Latvia;2017;138795.442
604;Lebanon;2017;134152.142
18;Luxembourg;2017;129114.84
276;Ghana;2017;122895.673
628;Jordan;2017;117186.245
484;Venezuela;2017;115410.087
608;Syria;2017;114352.922
669;Sri Lanka;2017;107574.528
740;Hong Kong;2017;107167.206
96;North Macedonia;2017;101326.925
649;Oman;2017;97312.739
224;Sudan;2017;92536.781
601;Turkish Rep. of Nor.Cyprus;2017;92198.75
504;Peru;2017;76839.929
516;Bolivia;2017;73661.605
696;Cambodia;2017;71527.527
46;Malta;2017;64128.704
236;Burkina Faso;2017;63835.12
436;Costa Rica;2017;63472.416
672;Nepal;2017;53456.348
302;Cameroon;2017;52510.216
804;New Zealand;2017;50878.249
352;Tanzania;2017;48256.954
228;Mauritania;2017;43925.829
334;Ethiopia;2017;38849.558
442;Panama;2017;37670.079
24;Iceland;2017;32287.469
232;Mali;2017;29940.908
676;Myanmar;2017;27612.048
824;Marshall Islands;2017;26682.924
70;Albania;2017;25266.315
472;Trinidad and Tobago;2017;24366.42
97;Montenegro;2017;23915.796
284;Benin;2017;22425.682
244;Chad;2017;22110.897
660;Afghanistan;2017;21832.391
468;British Virgin Isl.;2017;21728.056
448;Cuba;2017;20904.131
260;Guinea;2017;18152.426
456;Dominican Rep.;2017;17776.199
346;Kenya;2017;16994.341
386;Malawi;2017;16685.955
416;Guatemala;2017;15762.191
958;Countries and territories not specified;2017;14835.554
355;Seychelles;2017;13941.471
318;Congo;2017;12982.622
382;Zimbabwe;2017;12691.1
280;Togo;2017;12169.653
370;Madagascar;2017;11299.798
322;Democratic Rep. of the Congo;2017;11033.468
95;Kosovo;2017;8842.392
268;Liberia;2017;8660.151
350;Uganda;2017;8446.927
475;Curaçao;2017;8417.08
449;St. Kitts and Nevis;2017;7137.328
816;Vanuatu;2017;5437.293
424;Honduras;2017;5393.853
625;State of Palestine;2017;5032.808
248;Senegal;2017;5028.91
378;Zambia;2017;4629.13
684;Laos;2017;4552.923
488;Guyana;2017;4105.695
373;Mauritius;2017;3895.091
428;El Salvador;2017;3893.286
314;Gabon;2017;3448.202
375;Comoros;2017;3311.004
37;Liechtenstein;2017;3174.449
675;Bhutan;2017;2454.561
77;Armenia;2017;2294.114
724;North Korea;2017;2024.683
716;Mongolia;2017;1862.928
825;Palau;2017;1400.788
47;San Marino;2017;1388.141
330;Angola;2017;1383.665
342;Somalia;2017;1235.773
421;Belize;2017;1158.365
469;Barbados;2017;1082.578
247;Cape Verde;2017;1052.874
653;Yemen;2017;976.141
264;Sierra Leone;2017;945.839
257;Guinea-Bissau;2017;937.919
306;Central African Rep.;2017;918.841
467;St. Vincent and Grenadines;2017;893.458
240;Niger;2017;869.59
389;Namibia;2017;767.979
837;Cook Islands;2017;710.874
459;Antigua and Barbuda;2017;595.327
457;USA Virgin Isl.;2017;576.456
463;Cayman Islands;2017;552.937
338;Djibouti;2017;405.978
432;Nicaragua;2017;346.803
492;Suriname;2017;337.645
452;Haiti;2017;320.713
393;Eswatini;2017;313.99
801;Papua New Guinea;2017;248.505
453;Bahamas;2017;225.851
465;St. Lucia;2017;185.097
464;Jamaica;2017;184.527
460;Dominica;2017;166.314
225;South Sudan;2017;154.101
41;Faroe Islands;2017;139.475
324;Rwanda;2017;121.497
328;Burundi;2017;116.502
809;New Caledonia;2017;115.767
667;Maldives;2017;109.046
815;Fiji;2017;107.992
43;Andorra;2017;96.976
310;Equatorial Guinea;2017;89.676
743;Macao;2017;88.741
838;Niue Island;2017;83.528
834;Christmas Islands;2017;56.319
822;French Polynesia;2017;50.604
529;Falkland Islands;2017;38.852
803;Nauru;2017;37.838
703;Brunei Darussalam;2017;35.831
395;Lesotho;2017;35.513
44;Gibraltar;2017;33.002
357;British Ind.Oce.Ter.;2017;28.686
413;Bermuda;2017;24.77
406;Greenland;2017;10.978
830;American Samoa;2017;8.915
813;Pitcairn;2017;8.499
836;Norfolk Islands;2017;8.162
454;Turks And Caicos Isl;2017;8.135
823;Micronesia;2017;8.133
832;USA Minor Outlying Islands;2017;6.713
806;Solomon Isl.;2017;5.459
839;Tokelau Islands;2017;5.187
391;Botswana;2017;5.122
891;Antarctica;2017;4.911
831;Guam;2017;3.552
45;Vatican City State;2017;3.51
893;South Georgia and Sandwich. Isl.;2017;3.062
252;Gambia;2017;2.776
446;Anguilla;2017;2.653
473;Grenada;2017;2.565
820;Northern Mariana Islands;2017;1.427
408;St Pierre and Miquelon;2017;0.824
470;Montserrat;2017;0.462
329;St. Helena And Dep.;2017;0.458
474;Aruba;2017;0.288
807;Tuvalu;2017;0
626;Timor-Leste;2017;0
336;Eritrea;2017;0
833;Cocos Islands;2017;0
894;French Southern Territories;2017;0
377;Mayotte;2017;0
812;Kiribati;2017;0
819;Samoa;2017;0
311;Sao Tome And Principe;2017;0
835;Heard Island and Mc Donald Isl.;2017;0
811;Vallis and Futuna;2017;0
21;Ceuta;2017;0
23;Melilla;2017;0
817;Tonga;2017;0
892;Bouvet Islands;2017;0
950;Stores and Provinces;2017;0
720;China;2016;24852474.11
4;Germany;2016;22647552.39
75;Russia;2016;15467236.74
400;USA;2016;11275869.15
5;Italy;2016;10701289.09
1;France;2016;7679138.239
999;Confidential Country;2016;6705659.079
728;South Korea;2016;6468304.311
11;Spain;2016;5800683.145
664;India;2016;5664350.498
6;United Kingdom;2016;5479965.345
616;Iran;2016;4800638.219
732;Japan;2016;4062898.586
647;UAE;2016;3761060.647
60;Poland;2016;3368728.361
17;Belgium;2016;3257661.065
3;Netherlands;2016;3052393.833
61;Czech Republic;2016;2662087.257
72;Ukraine;2016;2596436.384
39;Switzerland;2016;2568962.193
66;Romania;2016;2388989.831
68;Bulgaria;2016;2162772.149
701;Malaysia;2016;2046167.258
632;Saudi Arabia;2016;1839221.563
690;Vietnam;2016;1775570.972
508;Brazil;2016;1764443.044
736;Taiwan;2016;1640994.712
38;Austria;2016;1568386.285
30;Sweden;2016;1542205.122
680;Thailand;2016;1511099.695
220;Egypt;2016;1445112.618
700;Indonesia;2016;1434130.755
624;Israel;2016;1424869.991
64;Hungary;2016;1375583.277
9;Greece;2016;1289474.026
404;Canada;2016;1145524.578
79;Kazakhstan;2016;1132309.246
388;Rep. of South Africa;2016;1051912.322
63;Slovakia;2016;972208.306
480;Colombia;2016;968949.859
32;Finland;2016;952652.243
8;Denmark;2016;932121.969
204;Morocco;2016;920703.92
412;Mexico;2016;895868.36
612;Iraq;2016;894904.399
7;Ireland;2016;844637.766
666;Bangladesh;2016;757614.196
81;Uzbekistan;2016;723388.562
10;Portugal;2016;719185.534
800;Australia;2016;633657.232
28;Norway;2016;622776.61
528;Argentina;2016;571535.452
80;Turkmenistan;2016;511626.553
208;Algeria;2016;470181.861
98;Serbia;2016;365628.953
706;Singapore;2016;362271.06
78;Azerbaijan;2016;328043.925
91;Slovenia;2016;308129.09
644;Qatar;2016;286948.813
55;Lithuania;2016;282276.568
93;Bosnia and Herzegovina;2016;278453.786
662;Pakistan;2016;273550.85
512;Chile;2016;249989.735
520;Paraguay;2016;248711.825
53;Estonia;2016;233554.751
272;Côte d'Ivoir;2016;232990.036
524;Uruguay;2016;231177.726
76;Georgia;2016;227786.555
212;Tunisia;2016;221218.435
54;Latvia;2016;198407.291
500;Ecuador;2016;197291.528
216;Libya;2016;195331.298
276;Ghana;2016;182753.126
74;Moldova;2016;176694.638
636;Kuwait;2016;167171.054
82;Tajikistan;2016;160278.797
92;Croatia;2016;146343.722
288;Nigeria;2016;146088.738
640;Bahrain;2016;145917.295
18;Luxembourg;2016;140869.892
83;Kyrgyzstan;2016;131685.305
740;Hong Kong;2016;130401.089
708;Philippines;2016;129597.978
628;Jordan;2016;108249.227
608;Syria;2016;107885.691
73;Belarus;2016;101443.205
366;Mozambique;2016;100922.929
669;Sri Lanka;2016;100800.652
604;Lebanon;2016;90542.586
601;Turkish Rep. of Nor.Cyprus;2016;89248.983
96;North Macedonia;2016;80770.327
436;Costa Rica;2016;74950.409
696;Cambodia;2016;74729.923
804;New Zealand;2016;71658.777
484;Venezuela;2016;62354.499
504;Peru;2016;60227.01
224;Sudan;2016;56825.145
649;Oman;2016;48092.395
236;Burkina Faso;2016;45862.505
302;Cameroon;2016;45627.407
46;Malta;2016;40403.104
416;Guatemala;2016;39554.25
334;Ethiopia;2016;38589.072
322;Democratic Rep. of the Congo;2016;34460.12
672;Nepal;2016;30465.181
24;Iceland;2016;27674.568
352;Tanzania;2016;27395.998
244;Chad;2016;23364.164
97;Montenegro;2016;23328.654
448;Cuba;2016;20027.187
70;Albania;2016;19405.607
516;Bolivia;2016;19177.628
386;Malawi;2016;18531.06
228;Mauritania;2016;18462.73
472;Trinidad and Tobago;2016;16101.647
660;Afghanistan;2016;14918.997
456;Dominican Rep.;2016;14608.063
442;Panama;2016;14004.094
346;Kenya;2016;13070.086
475;Curaçao;2016;11230.352
350;Uganda;2016;11064.14
382;Zimbabwe;2016;10701.688
232;Mali;2016;10195.443
676;Myanmar;2016;10187.603
816;Vanuatu;2016;9732.174
95;Kosovo;2016;9249.074
268;Liberia;2016;8851.862
824;Marshall Islands;2016;8808.486
424;Honduras;2016;8439.822
318;Congo;2016;7746.558
44;Gibraltar;2016;7022.47
449;St. Kitts and Nevis;2016;6946.712
468;British Virgin Isl.;2016;6272.694
370;Madagascar;2016;6144.654
330;Angola;2016;5987.665
248;Senegal;2016;5773.489
260;Guinea;2016;5714.41
280;Togo;2016;5480.339
355;Seychelles;2016;5299.868
716;Mongolia;2016;5175.499
428;El Salvador;2016;5054.864
724;North Korea;2016;4961.407
378;Zambia;2016;4791.787
373;Mauritius;2016;4741.552
264;Sierra Leone;2016;4092.49
625;State of Palestine;2016;3499.06
958;Countries and territories not specified;2016;3187.109
284;Benin;2016;3130.555
37;Liechtenstein;2016;3100.786
306;Central African Rep.;2016;2751.883
837;Cook Islands;2016;2719.485
247;Cape Verde;2016;2635.193
336;Eritrea;2016;2381.373
342;Somalia;2016;2180.401
314;Gabon;2016;1701.114
421;Belize;2016;1595.882
47;San Marino;2016;1585.472
77;Armenia;2016;1501.954
684;Laos;2016;1499.115
257;Guinea-Bissau;2016;1443.105
459;Antigua and Barbuda;2016;816.203
310;Equatorial Guinea;2016;652.718
389;Namibia;2016;595.156
240;Niger;2016;527.451
667;Maldives;2016;508.125
492;Suriname;2016;500.976
825;Palau;2016;361.205
432;Nicaragua;2016;319.728
653;Yemen;2016;267.017
452;Haiti;2016;259.599
675;Bhutan;2016;195.26
467;St. Vincent and Grenadines;2016;190.759
453;Bahamas;2016;172.657
338;Djibouti;2016;149.073
465;St. Lucia;2016;139.226
41;Faroe Islands;2016;135.641
324;Rwanda;2016;131.089
43;Andorra;2016;122.242
838;Niue Island;2016;117.99
801;Papua New Guinea;2016;87.986
830;American Samoa;2016;70.319
803;Nauru;2016;69.319
743;Macao;2016;63.625
463;Cayman Islands;2016;62.798
357;British Ind.Oce.Ter.;2016;62.276
464;Jamaica;2016;57.89
328;Burundi;2016;46.109
395;Lesotho;2016;42.684
375;Comoros;2016;42.192
815;Fiji;2016;40.283
832;USA Minor Outlying Islands;2016;39.429
393;Eswatini;2016;31.229
311;Sao Tome And Principe;2016;26.795
45;Vatican City State;2016;26.238
834;Christmas Islands;2016;25.196
21;Ceuta;2016;19.514
839;Tokelau Islands;2016;19.394
529;Falkland Islands;2016;19.107
809;New Caledonia;2016;18.435
820;Northern Mariana Islands;2016;17.181
806;Solomon Isl.;2016;15.418
406;Greenland;2016;15.262
488;Guyana;2016;14.42
413;Bermuda;2016;14.372
460;Dominica;2016;13.244
391;Botswana;2016;9.223
811;Vallis and Futuna;2016;8.623
836;Norfolk Islands;2016;7.708
703;Brunei Darussalam;2016;7.569
474;Aruba;2016;6.656
469;Barbados;2016;5.436
457;USA Virgin Isl.;2016;4.177
446;Anguilla;2016;4.057
252;Gambia;2016;3.821
454;Turks And Caicos Isl;2016;3.494
470;Montserrat;2016;3.091
329;St. Helena And Dep.;2016;1.932
822;French Polynesia;2016;1.378
473;Grenada;2016;1.194
408;St Pierre and Miquelon;2016;1.173
813;Pitcairn;2016;1.06
812;Kiribati;2016;0.755
23;Melilla;2016;0.734
823;Micronesia;2016;0.471
377;Mayotte;2016;0.244
807;Tuvalu;2016;0
626;Timor-Leste;2016;0
225;South Sudan;2016;0
831;Guam;2016;0
891;Antarctica;2016;0
893;South Georgia and Sandwich. Isl.;2016;0
833;Cocos Islands;2016;0
894;French Southern Territories;2016;0
819;Samoa;2016;0
835;Heard Island and Mc Donald Isl.;2016;0
817;Tonga;2016;0
892;Bouvet Islands;2016;0
950;Stores and Provinces;2016;0
720;China;2015;25283734.39
4;Germany;2015;22735873.99
75;Russia;2015;20744049.73
400;USA;2015;11603110.68
5;Italy;2015;11342851.91
999;Confidential Country;2015;9740767.928
1;France;2015;7983109.796
728;South Korea;2015;7246896.374
616;Iran;2015;6162029.214
6;United Kingdom;2015;5792389.694
11;Spain;2015;5706483.06
664;India;2015;5598698.52
72;Ukraine;2015;3519254.603
732;Japan;2015;3268129.382
17;Belgium;2015;3250442.843
60;Poland;2015;3148486.644
3;Netherlands;2015;3033961.531
66;Romania;2015;2718048.262
39;Switzerland;2015;2527633.312
68;Bulgaria;2015;2348244.699
61;Czech Republic;2015;2309514.647
632;Saudi Arabia;2015;2140913.503
647;UAE;2015;2107679.268
736;Taiwan;2015;1986045.61
690;Vietnam;2015;1914801.14
624;Israel;2015;1912668.63
9;Greece;2015;1851354.773
508;Brazil;2015;1815583.842
30;Sweden;2015;1666898.276
700;Indonesia;2015;1634769.395
38;Austria;2015;1626098.672
701;Malaysia;2015;1408496.464
64;Hungary;2015;1376247.852
220;Egypt;2015;1313184.318
680;Thailand;2015;1276021.404
79;Kazakhstan;2015;1115011.927
32;Finland;2015;1010844.25
404;Canada;2015;984802.89
388;Rep. of South Africa;2015;903196.386
63;Slovakia;2015;889923.327
412;Mexico;2015;887339.846
7;Ireland;2015;856390.033
666;Bangladesh;2015;849537.905
8;Denmark;2015;830433.694
480;Colombia;2015;796348.004
208;Algeria;2015;744029.51
204;Morocco;2015;728337.764
81;Uzbekistan;2015;722711.767
10;Portugal;2015;697056.649
28;Norway;2015;666511.601
80;Turkmenistan;2015;634448.195
800;Australia;2015;550690.332
644;Qatar;2015;416716.807
706;Singapore;2015;385793.755
528;Argentina;2015;363803.054
78;Azerbaijan;2015;357092.829
91;Slovenia;2015;355026.149
612;Iraq;2015;328647.83
98;Serbia;2015;307623.191
512;Chile;2015;301837.981
272;Côte d'Ivoir;2015;296656.866
662;Pakistan;2015;290549.016
53;Estonia;2015;282041.882
76;Georgia;2015;274974.859
93;Bosnia and Herzegovina;2015;258867.515
55;Lithuania;2015;251035.903
18;Luxembourg;2015;230599.924
216;Libya;2015;229766.6
636;Kuwait;2015;224852.43
500;Ecuador;2015;223964.674
82;Tajikistan;2015;222878.012
74;Moldova;2015;221784.23
73;Belarus;2015;219477.904
288;Nigeria;2015;200603.549
276;Ghana;2015;166762.403
524;Uruguay;2015;164913.142
212;Tunisia;2015;158078.739
628;Jordan;2015;155169.114
92;Croatia;2015;142863.808
708;Philippines;2015;136576.364
520;Paraguay;2015;127464.027
322;Democratic Rep. of the Congo;2015;124684.653
54;Latvia;2015;123182.218
83;Kyrgyzstan;2015;117702.245
484;Venezuela;2015;106836.781
640;Bahrain;2015;106130.782
740;Hong Kong;2015;96856.859
601;Turkish Rep. of Nor.Cyprus;2015;93983.081
696;Cambodia;2015;92246.172
669;Sri Lanka;2015;88171.234
608;Syria;2015;86791.216
96;North Macedonia;2015;82840.462
604;Lebanon;2015;78246.26
366;Mozambique;2015;77537.556
804;New Zealand;2015;73796.367
436;Costa Rica;2015;69429.317
504;Peru;2015;64228.139
649;Oman;2015;60433.522
70;Albania;2015;53886.009
236;Burkina Faso;2015;47580.903
416;Guatemala;2015;46520.156
352;Tanzania;2015;44698.308
334;Ethiopia;2015;41894.297
386;Malawi;2015;37941.972
302;Cameroon;2015;37662.888
24;Iceland;2015;30789.971
224;Sudan;2015;29687.916
46;Malta;2015;27531.445
442;Panama;2015;22952.874
448;Cuba;2015;22783.462
244;Chad;2015;22607.193
472;Trinidad and Tobago;2015;22494.041
456;Dominican Rep.;2015;18632.582
816;Vanuatu;2015;17935.054
824;Marshall Islands;2015;17043.553
453;Bahamas;2015;16735.616
724;North Korea;2015;16184.382
672;Nepal;2015;15570.216
660;Afghanistan;2015;15211.173
346;Kenya;2015;14414.616
228;Mauritania;2015;12879.892
653;Yemen;2015;12821.25
370;Madagascar;2015;12136.337
355;Seychelles;2015;9587.316
676;Myanmar;2015;9460.228
95;Kosovo;2015;9389.327
280;Togo;2015;8457.109
97;Montenegro;2015;7779.092
44;Gibraltar;2015;7193.159
350;Uganda;2015;6783.833
382;Zimbabwe;2015;6758.094
373;Mauritius;2015;6359.537
248;Senegal;2015;5345.545
318;Congo;2015;5088.384
475;Curaçao;2015;4750.203
378;Zambia;2015;4351.342
413;Bermuda;2015;3978.014
260;Guinea;2015;3676.77
37;Liechtenstein;2015;3670.229
424;Honduras;2015;3501.593
314;Gabon;2015;3206.279
306;Central African Rep.;2015;3203.641
247;Cape Verde;2015;3074.672
421;Belize;2015;3041.308
284;Benin;2015;2916.129
47;San Marino;2015;2556.576
625;State of Palestine;2015;2342.269
825;Palau;2015;2307.58
232;Mali;2015;2258.535
743;Macao;2015;2169.805
268;Liberia;2015;2037.99
264;Sierra Leone;2015;1838.282
468;British Virgin Isl.;2015;1813.277
389;Namibia;2015;1767.742
459;Antigua and Barbuda;2015;1752.224
958;Countries and territories not specified;2015;1658.54
684;Laos;2015;1403.075
428;El Salvador;2015;1291.617
830;American Samoa;2015;1282.311
257;Guinea-Bissau;2015;1273.402
342;Somalia;2015;1226.086
77;Armenia;2015;1104.343
516;Bolivia;2015;1069.671
837;Cook Islands;2015;768.325
375;Comoros;2015;710.912
716;Mongolia;2015;663.03
432;Nicaragua;2015;452.106
806;Solomon Isl.;2015;407.367
492;Suriname;2015;353.034
838;Niue Island;2015;268.448
391;Botswana;2015;244.058
464;Jamaica;2015;215.416
330;Angola;2015;179.078
43;Andorra;2015;168.448
338;Djibouti;2015;162.843
675;Bhutan;2015;152.33
452;Haiti;2015;146.129
324;Rwanda;2015;124.292
310;Equatorial Guinea;2015;109.913
815;Fiji;2015;107.272
457;USA Virgin Isl.;2015;98.398
460;Dominica;2015;95.692
832;USA Minor Outlying Islands;2015;93.751
529;Falkland Islands;2015;79.874
488;Guyana;2015;79.548
41;Faroe Islands;2015;70.167
240;Niger;2015;68.333
469;Barbados;2015;51.329
801;Papua New Guinea;2015;50.875
803;Nauru;2015;50.512
393;Eswatini;2015;44.69
328;Burundi;2015;42.058
395;Lesotho;2015;33.619
465;St. Lucia;2015;31.262
252;Gambia;2015;26.95
822;French Polynesia;2015;23.615
449;St. Kitts and Nevis;2015;18.741
703;Brunei Darussalam;2015;16.322
893;South Georgia and Sandwich. Isl.;2015;11.292
839;Tokelau Islands;2015;7.389
470;Montserrat;2015;6.293
357;British Ind.Oce.Ter.;2015;5.862
329;St. Helena And Dep.;2015;5.78
473;Grenada;2015;5.33
406;Greenland;2015;5.329
812;Kiribati;2015;3.823
809;New Caledonia;2015;3.595
463;Cayman Islands;2015;2.115
667;Maldives;2015;2.093
21;Ceuta;2015;1.992
23;Melilla;2015;1.949
834;Christmas Islands;2015;1.946
454;Turks And Caicos Isl;2015;1.771
813;Pitcairn;2015;1.767
408;St Pierre and Miquelon;2015;1.71
820;Northern Mariana Islands;2015;1.222
891;Antarctica;2015;1.024
336;Eritrea;2015;0.629
831;Guam;2015;0.378
823;Micronesia;2015;0.343
45;Vatican City State;2015;0
807;Tuvalu;2015;0
626;Timor-Leste;2015;0
225;South Sudan;2015;0
467;St. Vincent and Grenadines;2015;0
474;Aruba;2015;0
833;Cocos Islands;2015;0
446;Anguilla;2015;0
894;French Southern Territories;2015;0
377;Mayotte;2015;0
819;Samoa;2015;0
311;Sao Tome And Principe;2015;0
835;Heard Island and Mc Donald Isl.;2015;0
811;Vallis and Futuna;2015;0
836;Norfolk Islands;2015;0
817;Tonga;2015;0
892;Bouvet Islands;2015;0
950;Stores and Provinces;2015;0
720;China;2014;25732865.1
75;Russia;2014;25411700.17
4;Germany;2014;23482149.67
999;Confidential Country;2014;13609217.1
400;USA;2014;13464951.01
5;Italy;2014;12945259.55
616;Iran;2014;10076090.7
1;France;2014;8584303.533
728;South Korea;2014;7731589.694
664;India;2014;7196349.775
11;Spain;2014;6293257.044
6;United Kingdom;2014;6195865.418
39;Switzerland;2014;4993377.331
9;Greece;2014;4371045.958
72;Ukraine;2014;4295993.438
17;Belgium;2014;4017368.585
3;Netherlands;2014;3618174.554
66;Romania;2014;3540608.433
647;UAE;2014;3485287.514
732;Japan;2014;3481907.946
60;Poland;2014;3252300.386
624;Israel;2014;3062733.422
68;Bulgaria;2014;2924658.962
61;Czech Republic;2014;2514897.614
632;Saudi Arabia;2014;2429326.624
700;Indonesia;2014;2091866.569
736;Taiwan;2014;2091600.314
690;Vietnam;2014;2078118.273
30;Sweden;2014;2071303.805
38;Austria;2014;1895578.997
508;Brazil;2014;1839058.144
220;Egypt;2014;1535279.988
680;Thailand;2014;1422248.654
701;Malaysia;2014;1286531.624
64;Hungary;2014;1236515.5
79;Kazakhstan;2014;1222772.029
404;Canada;2014;1208970.253
32;Finland;2014;1188440.668
388;Rep. of South Africa;2014;1156682.462
8;Denmark;2014;1074489.786
412;Mexico;2014;1059804.499
63;Slovakia;2014;942508.524
208;Algeria;2014;924505.233
7;Ireland;2014;921367.087
666;Bangladesh;2014;891469.284
28;Norway;2014;868904.86
81;Uzbekistan;2014;846432.487
10;Portugal;2014;815778.749
480;Colombia;2014;812679.402
80;Turkmenistan;2014;764097.17
204;Morocco;2014;638135.058
800;Australia;2014;555550.037
78;Azerbaijan;2014;482575.826
528;Argentina;2014;476877.431
662;Pakistan;2014;438795.045
644;Qatar;2014;407735.975
512;Chile;2014;384090.454
520;Paraguay;2014;372639.029
706;Singapore;2014;354963.735
98;Serbia;2014;329970.434
91;Slovenia;2014;322354.579
53;Estonia;2014;312532.599
55;Lithuania;2014;290260.354
640;Bahrain;2014;289965.08
612;Iraq;2014;283128.418
272;Côte d'Ivoir;2014;278218.627
76;Georgia;2014;275017.667
74;Moldova;2014;262381.772
216;Libya;2014;259010.246
636;Kuwait;2014;255096.582
82;Tajikistan;2014;239652.505
212;Tunisia;2014;227279.331
322;Democratic Rep. of the Congo;2014;204092.252
500;Ecuador;2014;195425.502
93;Bosnia and Herzegovina;2014;185699.704
54;Latvia;2014;171670.449
436;Costa Rica;2014;163461.109
288;Nigeria;2014;160134.394
628;Jordan;2014;159174.894
18;Luxembourg;2014;157944.377
276;Ghana;2014;152233.527
604;Lebanon;2014;150215.832
73;Belarus;2014;148060.916
92;Croatia;2014;144082.798
608;Syria;2014;143826.058
708;Philippines;2014;132090.822
484;Venezuela;2014;123414.03
83;Kyrgyzstan;2014;119998.239
804;New Zealand;2014;118033.875
740;Hong Kong;2014;116257.42
649;Oman;2014;112305.674
601;Turkish Rep. of Nor.Cyprus;2014;109172.232
696;Cambodia;2014;107713.082
70;Albania;2014;100340.37
669;Sri Lanka;2014;100149.451
96;North Macedonia;2014;83282.121
318;Congo;2014;82404.795
334;Ethiopia;2014;79191.667
366;Mozambique;2014;75083.601
504;Peru;2014;72740.875
524;Uruguay;2014;49393.18
280;Togo;2014;45579.573
46;Malta;2014;43489.612
352;Tanzania;2014;40832.702
386;Malawi;2014;39021.029
302;Cameroon;2014;38755.725
660;Afghanistan;2014;35788.789
264;Sierra Leone;2014;26171.502
24;Iceland;2014;25213.644
442;Panama;2014;23935.711
236;Burkina Faso;2014;22949.746
224;Sudan;2014;19618.017
456;Dominican Rep.;2014;18696.111
672;Nepal;2014;17404.788
244;Chad;2014;17270.221
346;Kenya;2014;17000.802
448;Cuba;2014;16475.06
228;Mauritania;2014;16019.637
416;Guatemala;2014;15762.694
268;Liberia;2014;14318.677
370;Madagascar;2014;13984.753
378;Zambia;2014;13782.606
95;Kosovo;2014;13247.578
350;Uganda;2014;12631.565
472;Trinidad and Tobago;2014;12612.031
653;Yemen;2014;10750.865
676;Myanmar;2014;10409.101
232;Mali;2014;9483.014
467;St. Vincent and Grenadines;2014;8710.57
382;Zimbabwe;2014;8302.298
421;Belize;2014;7862.381
373;Mauritius;2014;7578.046
97;Montenegro;2014;7127.244
355;Seychelles;2014;5583.097
260;Guinea;2014;5407.261
453;Bahamas;2014;5240.272
330;Angola;2014;4964.169
248;Senegal;2014;4630.61
37;Liechtenstein;2014;4328.423
449;St. Kitts and Nevis;2014;4015.99
516;Bolivia;2014;3807.642
389;Namibia;2014;3628.576
488;Guyana;2014;3625.406
837;Cook Islands;2014;3523.569
724;North Korea;2014;3071.81
743;Macao;2014;3058.971
47;San Marino;2014;3058.28
314;Gabon;2014;3001.704
958;Countries and territories not specified;2014;2975.969
825;Palau;2014;2727.538
684;Laos;2014;2679.312
625;State of Palestine;2014;2631.095
306;Central African Rep.;2014;2586.665
311;Sao Tome And Principe;2014;2508.934
424;Honduras;2014;2318.149
468;British Virgin Isl.;2014;2255.115
342;Somalia;2014;1718.269
675;Bhutan;2014;1637.664
284;Benin;2014;1551.748
806;Solomon Isl.;2014;1411.601
77;Armenia;2014;1358.318
428;El Salvador;2014;1291.817
469;Barbados;2014;1190.646
247;Cape Verde;2014;1091.328
375;Comoros;2014;1078.066
257;Guinea-Bissau;2014;571.537
464;Jamaica;2014;538.94
824;Marshall Islands;2014;436.611
457;USA Virgin Isl.;2014;410.502
830;American Samoa;2014;410.103
310;Equatorial Guinea;2014;332.051
832;USA Minor Outlying Islands;2014;313.088
432;Nicaragua;2014;309.21
492;Suriname;2014;186.862
452;Haiti;2014;162.602
408;St Pierre and Miquelon;2014;160.552
838;Niue Island;2014;154.549
815;Fiji;2014;148.822
716;Mongolia;2014;139.883
338;Djibouti;2014;136.245
43;Andorra;2014;135.967
252;Gambia;2014;114.877
460;Dominica;2014;110.659
459;Antigua and Barbuda;2014;87.447
820;Northern Mariana Islands;2014;81.05
395;Lesotho;2014;78.88
834;Christmas Islands;2014;66.384
475;Curaçao;2014;65.933
703;Brunei Darussalam;2014;59.437
44;Gibraltar;2014;55.106
413;Bermuda;2014;44.221
240;Niger;2014;39.997
803;Nauru;2014;31.104
336;Eritrea;2014;26.702
529;Falkland Islands;2014;20.481
41;Faroe Islands;2014;17.291
891;Antarctica;2014;15.513
393;Eswatini;2014;14.877
813;Pitcairn;2014;13.681
446;Anguilla;2014;9.975
809;New Caledonia;2014;9.762
470;Montserrat;2014;8.226
474;Aruba;2014;7.441
839;Tokelau Islands;2014;6.23
391;Botswana;2014;5.795
463;Cayman Islands;2014;5.597
801;Papua New Guinea;2014;5.321
21;Ceuta;2014;4.586
816;Vanuatu;2014;4.002
324;Rwanda;2014;3.275
406;Greenland;2014;3.081
328;Burundi;2014;2.881
23;Melilla;2014;2.163
45;Vatican City State;2014;1.847
807;Tuvalu;2014;1.226
667;Maldives;2014;1.158
357;British Ind.Oce.Ter.;2014;0.97
473;Grenada;2014;0.858
817;Tonga;2014;0.387
892;Bouvet Islands;2014;0.374
465;St. Lucia;2014;0.341
836;Norfolk Islands;2014;0.253
454;Turks And Caicos Isl;2014;0.155
833;Cocos Islands;2014;0.109
626;Timor-Leste;2014;0
225;South Sudan;2014;0
822;French Polynesia;2014;0
831;Guam;2014;0
893;South Georgia and Sandwich. Isl.;2014;0
823;Micronesia;2014;0
894;French Southern Territories;2014;0
377;Mayotte;2014;0
812;Kiribati;2014;0
819;Samoa;2014;0
835;Heard Island and Mc Donald Isl.;2014;0
811;Vallis and Futuna;2014;0
329;St. Helena And Dep.;2014;0
950;Stores and Provinces;2014;0
75;Russia;2013;26046540.61
4;Germany;2013;25598452.31
720;China;2013;25260751.25
5;Italy;2013;13530847.87
999;Confidential Country;2013;13354784.3
400;USA;2013;13350432.7
616;Iran;2013;10545622.23
39;Switzerland;2013;9797013.301
1;France;2013;8650204.687
664;India;2013;6739652.327
11;Spain;2013;6624005.789
6;United Kingdom;2013;6582729.287
728;South Korea;2013;6357875.638
647;UAE;2013;5437605.025
72;Ukraine;2013;4607646.237
9;Greece;2013;4072880.957
17;Belgium;2013;3983784.598
732;Japan;2013;3753677.881
66;Romania;2013;3716897.546
3;Netherlands;2013;3512107.711
60;Poland;2013;3387725.835
68;Bulgaria;2013;2810686.636
61;Czech Republic;2013;2756896.444
624;Israel;2013;2704626.504
700;Indonesia;2013;2142498.557
30;Sweden;2013;2096011.666
632;Saudi Arabia;2013;1984239.883
736;Taiwan;2013;1954834.685
38;Austria;2013;1845345.722
79;Kazakhstan;2013;1758429.29
220;Egypt;2013;1718720.029
690;Vietnam;2013;1688336.667
680;Thailand;2013;1494878.798
508;Brazil;2013;1485004.918
388;Rep. of South Africa;2013;1463590.975
404;Canada;2013;1446936.556
701;Malaysia;2013;1352518.997
32;Finland;2013;1310326.404
64;Hungary;2013;1280783.134
800;Australia;2013;1224852.756
63;Slovakia;2013;1116242.588
28;Norway;2013;1042360.584
412;Mexico;2013;1040446.395
666;Bangladesh;2013;880545.429
8;Denmark;2013;860365.503
81;Uzbekistan;2013;853057.862
7;Ireland;2013;844194.074
80;Turkmenistan;2013;789020.102
10;Portugal;2013;714200.806
208;Algeria;2013;711358.71
480;Colombia;2013;707442.31
78;Azerbaijan;2013;612678.329
204;Morocco;2013;579508.072
528;Argentina;2013;523496.202
82;Tajikistan;2013;441750.02
662;Pakistan;2013;435240.978
512;Chile;2013;421586.83
644;Qatar;2013;388241.611
706;Singapore;2013;369901.158
55;Lithuania;2013;354023.571
636;Kuwait;2013;353461.031
91;Slovenia;2013;326365.673
212;Tunisia;2013;314531.859
216;Libya;2013;306670.181
520;Paraguay;2013;292076.627
53;Estonia;2013;267028.764
74;Moldova;2013;262928.907
98;Serbia;2013;257596.114
76;Georgia;2013;241236.138
92;Croatia;2013;218264.166
604;Lebanon;2013;206954.358
436;Costa Rica;2013;200867.102
484;Venezuela;2013;195229.064
73;Belarus;2013;193938.892
708;Philippines;2013;192992.028
276;Ghana;2013;176442.806
640;Bahrain;2013;172395.324
54;Latvia;2013;170589.366
500;Ecuador;2013;170458.839
649;Oman;2013;165343.409
288;Nigeria;2013;164743.169
612;Iraq;2013;160999.727
18;Luxembourg;2013;142032.561
93;Bosnia and Herzegovina;2013;141368.513
272;Côte d'Ivoir;2013;138452.463
453;Bahamas;2013;137130.234
740;Hong Kong;2013;114937.18
524;Uruguay;2013;110016.757
83;Kyrgyzstan;2013;106804.89
608;Syria;2013;106239.238
669;Sri Lanka;2013;93076.52
601;Turkish Rep. of Nor.Cyprus;2013;92681.92
504;Peru;2013;90233.221
804;New Zealand;2013;89802.074
628;Jordan;2013;89246.298
96;North Macedonia;2013;84907.746
70;Albania;2013;83819.01
46;Malta;2013;77934.791
334;Ethiopia;2013;72701.025
696;Cambodia;2013;71326.702
366;Mozambique;2013;68472.9
322;Democratic Rep. of the Congo;2013;56722.335
352;Tanzania;2013;51776.109
442;Panama;2013;51075.003
280;Togo;2013;46311.872
302;Cameroon;2013;43100.581
236;Burkina Faso;2013;37599.542
224;Sudan;2013;32999.061
386;Malawi;2013;25450.918
264;Sierra Leone;2013;23726.146
416;Guatemala;2013;22658.707
448;Cuba;2013;22180.477
660;Afghanistan;2013;20961.032
24;Iceland;2013;20325.608
456;Dominican Rep.;2013;20141.236
314;Gabon;2013;18480.597
382;Zimbabwe;2013;15268.423
346;Kenya;2013;14547.118
413;Bermuda;2013;13857.223
672;Nepal;2013;12658.071
244;Chad;2013;12353.937
260;Guinea;2013;12342.707
268;Liberia;2013;12041.441
97;Montenegro;2013;11638.361
95;Kosovo;2013;11383.796
467;St. Vincent and Grenadines;2013;9602.862
350;Uganda;2013;8507.375
958;Countries and territories not specified;2013;8266.987
676;Myanmar;2013;8212.633
318;Congo;2013;8208.692
330;Angola;2013;8005.718
373;Mauritius;2013;7873.218
370;Madagascar;2013;7742.267
44;Gibraltar;2013;7709.989
421;Belize;2013;6698.781
375;Comoros;2013;5849.629
424;Honduras;2013;5683.098
248;Senegal;2013;5580.941
488;Guyana;2013;4403.668
389;Namibia;2013;4201.025
459;Antigua and Barbuda;2013;3723.427
449;St. Kitts and Nevis;2013;3688.187
724;North Korea;2013;3663.426
228;Mauritania;2013;3656.397
472;Trinidad and Tobago;2013;3615.716
743;Macao;2013;3073.805
37;Liechtenstein;2013;3052.623
684;Laos;2013;3046.159
306;Central African Rep.;2013;2980.557
816;Vanuatu;2013;2663.624
377;Mayotte;2013;2607.544
837;Cook Islands;2013;2563.234
47;San Marino;2013;2382.949
468;British Virgin Isl.;2013;2357.145
806;Solomon Isl.;2013;2237.042
516;Bolivia;2013;2075.224
475;Curaçao;2013;1977.165
460;Dominica;2013;1830.808
284;Benin;2013;1697.258
378;Zambia;2013;1476.109
625;State of Palestine;2013;1425.171
824;Marshall Islands;2013;1353.972
342;Somalia;2013;1115.6
355;Seychelles;2013;1064.497
463;Cayman Islands;2013;879.813
464;Jamaica;2013;739.328
452;Haiti;2013;517.976
428;El Salvador;2013;481.607
232;Mali;2013;453.719
324;Rwanda;2013;437.623
77;Armenia;2013;436.573
716;Mongolia;2013;435.721
338;Djibouti;2013;411.234
457;USA Virgin Isl.;2013;410.986
311;Sao Tome And Principe;2013;378.579
830;American Samoa;2013;276.878
653;Yemen;2013;260.787
838;Niue Island;2013;257.49
432;Nicaragua;2013;229.19
832;USA Minor Outlying Islands;2013;213.406
240;Niger;2013;182.434
950;Stores and Provinces;2013;130.085
257;Guinea-Bissau;2013;129.996
406;Greenland;2013;125.668
336;Eritrea;2013;125.624
41;Faroe Islands;2013;118.009
469;Barbados;2013;94.14
492;Suriname;2013;91.432
820;Northern Mariana Islands;2013;89.125
803;Nauru;2013;83.567
809;New Caledonia;2013;79.799
43;Andorra;2013;77.318
667;Maldives;2013;76.644
310;Equatorial Guinea;2013;71.673
45;Vatican City State;2013;53.387
21;Ceuta;2013;44.933
23;Melilla;2013;42.386
252;Gambia;2013;34.149
465;St. Lucia;2013;28.967
815;Fiji;2013;22.841
801;Papua New Guinea;2013;18.239
393;Eswatini;2013;17.665
395;Lesotho;2013;10.375
839;Tokelau Islands;2013;9.9
822;French Polynesia;2013;7.147
408;St Pierre and Miquelon;2013;4.757
474;Aruba;2013;4.638
819;Samoa;2013;2.384
675;Bhutan;2013;2.228
357;British Ind.Oce.Ter.;2013;1.907
834;Christmas Islands;2013;1.363
454;Turks And Caicos Isl;2013;1.31
470;Montserrat;2013;1.294
891;Antarctica;2013;0.95
893;South Georgia and Sandwich. Isl.;2013;0.941
813;Pitcairn;2013;0.889
812;Kiribati;2013;0.712
529;Falkland Islands;2013;0.649
823;Micronesia;2013;0.565
811;Vallis and Futuna;2013;0.492
831;Guam;2013;0.478
703;Brunei Darussalam;2013;0.466
391;Botswana;2013;0.217
817;Tonga;2013;0.103
825;Palau;2013;0
247;Cape Verde;2013;0
807;Tuvalu;2013;0
626;Timor-Leste;2013;0
328;Burundi;2013;0
225;South Sudan;2013;0
473;Grenada;2013;0
833;Cocos Islands;2013;0
446;Anguilla;2013;0
894;French Southern Territories;2013;0
835;Heard Island and Mc Donald Isl.;2013;0
329;St. Helena And Dep.;2013;0
836;Norfolk Islands;2013;0
892;Bouvet Islands;2013;0
