ID_Code,Country,Year,E_Total,I_Total
1,France,2013,6654651.341,8650204.687
1,France,2014,6856439.296,8584303.533
1,France,2015,6101381.011,7983109.796
1,France,2016,6309388.684,7679138.239
1,France,2017,6895251.347,8425089.111
1,France,2018,7655339.540,7836528.018
1,France,2019,7945606.766,6760063.911
1,France,2020,7195167.592,6988073.743
1,France,2021,8109803.933,7174425.069
3,Netherlands,2013,3783680.910,3512107.711
3,Netherlands,2014,3654059.142,3618174.554
3,Netherlands,2015,3352622.678,3033961.531
3,Netherlands,2016,3843717.999,3052393.833
3,Netherlands,2017,4190305.465,3856922.350
3,Netherlands,2018,5100743.942,3448908.997
3,Netherlands,2019,5761921.452,3202985.035
3,Netherlands,2020,5195119.532,3628586.100
3,Netherlands,2021,6171187.672,4012334.863
4,Germany,2013,14832546.200,25598452.310
4,Germany,2014,16275367.170,23482149.670
4,Germany,2015,14490425.590,22735873.990
4,Germany,2016,15164954.450,22647552.390
4,Germany,2017,16356392.390,22281368.500
4,Germany,2018,17353443.490,21535223.040
4,Germany,2019,16617244.220,19280398.510
4,Germany,2020,15978698.130,21732759.010
4,Germany,2021,17544881.090,19741912.190
5,Italy,2013,7474295.109,13530847.870
5,Italy,2014,7486503.702,12945259.550
5,Italy,2015,7152826.855,11342851.910
5,Italy,2016,7857667.242,10701289.090
5,Italy,2017,8787949.208,12119734.060
5,Italy,2018,10047452.620,10791918.750
5,Italy,2019,9753017.856,9349592.818
5,Italy,2020,8082560.371,9199617.135
5,Italy,2021,10323502.480,10429475.110
6,"United Kingdom",2013,9126732.663,6582729.287
6,"United Kingdom",2014,10216478.800,6195865.418
6,"United Kingdom",2015,10822849.970,5792389.694
6,"United Kingdom",2016,11961673.290,5479965.345
6,"United Kingdom",2017,9932538.529,6806375.093
6,"United Kingdom",2018,11473927.050,7637467.795
6,"United Kingdom",2019,11278615.170,5638296.329
6,"United Kingdom",2020,11235581.740,5582666.464
6,"United Kingdom",2021,12372140.470,5035830.431
7,Ireland,2013,383575.773,844194.074
7,Ireland,2014,476318.670,921367.087
7,Ireland,2015,473037.118,856390.033
7,Ireland,2016,504577.415,844637.766
7,Ireland,2017,541550.711,989118.980
7,Ireland,2018,770871.640,908762.694
7,Ireland,2019,619992.453,826109.554
7,Ireland,2020,654658.069,916994.429
7,Ireland,2021,839624.502,916484.854
8,Denmark,2013,1026960.318,860365.503
8,Denmark,2014,1108891.566,1074489.786
8,Denmark,2015,934445.930,830433.694
8,Denmark,2016,984215.747,932121.969
8,Denmark,2017,1051707.992,837979.340
8,Denmark,2018,1115534.278,857224.363
8,Denmark,2019,1038909.624,963149.215
8,Denmark,2020,1044125.012,843895.902
8,Denmark,2021,1171436.357,945550.008
9,Greece,2013,1544239.475,4072880.957
9,Greece,2014,1668859.967,4371045.958
9,Greece,2015,1488661.970,1851354.773
9,Greece,2016,1472536.351,1289474.026
9,Greece,2017,1724183.670,1864022.295
9,Greece,2018,2323000.708,2059363.496
9,Greece,2019,2245317.959,1474999.490
9,Greece,2020,1799836.186,1320976.008
9,Greece,2021,2812276.628,1862688.451
10,Portugal,2013,634947.473,714200.806
10,Portugal,2014,581701.850,815778.749
10,Portugal,2015,577220.344,697056.649
10,Portugal,2016,673854.795,719185.534
10,Portugal,2017,837014.186,726129.246
10,Portugal,2018,1147017.605,771637.983
10,Portugal,2019,1147015.166,903201.292
10,Portugal,2020,924573.897,960100.181
10,Portugal,2021,1354847.372,1027631.368
11,Spain,2013,4554380.725,6624005.789
11,Spain,2014,4977490.371,6293257.044
11,Spain,2015,4948406.954,5706483.060
11,Spain,2016,5228613.421,5800683.145
11,Spain,2017,6584920.544,6531630.970
11,Spain,2018,8121096.071,5682749.878
11,Spain,2019,8138744.012,4446112.934
11,Spain,2020,6683488.350,5039427.792
11,Spain,2021,8786285.481,5699298.158
17,Belgium,2013,2835446.318,3983784.598
17,Belgium,2014,3190514.423,4017368.585
17,Belgium,2015,2724270.566,3250442.843
17,Belgium,2016,2728080.155,3257661.065
17,Belgium,2017,3364086.519,3871277.653
17,Belgium,2018,4152550.137,3646331.285
17,Belgium,2019,3396192.510,3229279.703
17,Belgium,2020,3634672.295,3716087.560
17,Belgium,2021,4484750.341,5253596.306
18,Luxembourg,2013,60985.255,142032.561
18,Luxembourg,2014,70329.370,157944.377
18,Luxembourg,2015,42204.714,230599.924
18,Luxembourg,2016,64231.409,140869.892
18,Luxembourg,2017,40694.336,129114.840
18,Luxembourg,2018,73171.719,171819.661
18,Luxembourg,2019,70732.821,114563.435
18,Luxembourg,2020,97613.328,139745.830
18,Luxembourg,2021,61279.500,124532.554
21,Ceuta,2014,2.105,4.586
21,Ceuta,2016,10.738,19.514
23,Melilla,2013,545.983,42.386
23,Melilla,2016,48.466,0.734
24,Iceland,2013,14529.202,20325.608
24,Iceland,2014,18873.706,25213.644
24,Iceland,2015,67769.558,30789.971
24,Iceland,2016,27384.098,27674.568
24,Iceland,2017,200045.285,32287.469
24,Iceland,2018,24059.218,28297.737
24,Iceland,2019,23440.524,26536.555
24,Iceland,2020,18828.378,25963.697
24,Iceland,2021,28756.340,22620.503
28,Norway,2013,625038.585,1042360.584
28,Norway,2014,562087.718,868904.860
28,Norway,2015,456156.440,666511.601
28,Norway,2016,569524.576,622776.610
28,Norway,2017,564856.103,820311.283
28,Norway,2018,522263.140,768033.942
28,Norway,2019,729178.837,775897.731
28,Norway,2020,733345.819,682064.362
28,Norway,2021,863236.268,800837.587
30,Sweden,2013,1267655.547,2096011.666
30,Sweden,2014,1436776.963,2071303.805
30,Sweden,2015,1273584.724,1666898.276
30,Sweden,2016,1297560.564,1542205.122
30,Sweden,2017,1462993.384,1804919.151
30,Sweden,2018,1533678.518,1782261.659
30,Sweden,2019,1432259.965,1578250.645
30,Sweden,2020,1330185.147,1763749.603
30,Sweden,2021,1553154.026,1787055.612
32,Finland,2013,304347.900,1310326.404
32,Finland,2014,333895.391,1188440.668
32,Finland,2015,269512.003,1010844.250
32,Finland,2016,295885.048,952652.243
32,Finland,2017,305244.068,963659.181
32,Finland,2018,343807.565,1010230.505
32,Finland,2019,334914.825,911244.551
32,Finland,2020,370388.692,1009074.050
32,Finland,2021,468407.113,1209872.723
37,Liechtenstein,2013,15123.304,3052.623
37,Liechtenstein,2014,11981.694,4328.423
37,Liechtenstein,2015,5339.248,3670.229
37,Liechtenstein,2016,4513.697,3100.786
37,Liechtenstein,2017,4074.042,3174.449
37,Liechtenstein,2018,5055.176,2250.709
37,Liechtenstein,2019,2185.406,2262.017
37,Liechtenstein,2020,1472.563,938.987
37,Liechtenstein,2021,2906.709,2910.739
38,Austria,2013,1083309.901,1845345.722
38,Austria,2014,1153500.499,1895578.997
38,Austria,2015,1044905.861,1626098.672
38,Austria,2016,1070710.703,1568386.285
38,Austria,2017,1147219.164,1530537.641
38,Austria,2018,1205759.810,1579294.932
38,Austria,2019,1183794.071,1360986.247
38,Austria,2020,1130282.648,1465026.545
38,Austria,2021,1383670.561,1660120.769
39,Switzerland,2013,1109427.948,9797013.301
39,Switzerland,2014,3238472.509,4993377.331
39,Switzerland,2015,5707336.909,2527633.312
39,Switzerland,2016,2735493.314,2568962.193
39,Switzerland,2017,920592.942,6946016.353
39,Switzerland,2018,1780864.093,2884348.867
39,Switzerland,2019,1039832.982,3374800.397
39,Switzerland,2020,1093948.311,7770803.685
39,Switzerland,2021,1121559.058,2867559.017
41,"Faroe Islands",2013,480.010,118.009
41,"Faroe Islands",2014,102.880,17.291
41,"Faroe Islands",2015,121323.531,70.167
41,"Faroe Islands",2016,224.112,135.641
41,"Faroe Islands",2017,264.740,139.475
41,"Faroe Islands",2018,677.532,257.383
41,"Faroe Islands",2019,245.813,199.393
41,"Faroe Islands",2020,752.398,1191.719
41,"Faroe Islands",2021,590.526,816.436
43,Andorra,2013,408.229,77.318
43,Andorra,2014,555.619,135.967
43,Andorra,2015,939.558,168.448
43,Andorra,2016,369.595,122.242
43,Andorra,2017,268.903,96.976
43,Andorra,2018,552.414,58.809
43,Andorra,2019,344.606,40.598
43,Andorra,2020,303.695,12.124
43,Andorra,2021,508.735,29.008
44,Gibraltar,2013,118652.368,7709.989
44,Gibraltar,2014,156323.865,55.106
44,Gibraltar,2015,22179.906,7193.159
44,Gibraltar,2016,70507.517,7022.470
44,Gibraltar,2017,152571.376,33.002
44,Gibraltar,2018,197656.559,31.193
44,Gibraltar,2019,95215.695,1.029
44,Gibraltar,2020,104501.098,624.956
44,Gibraltar,2021,81113.922,2012.908
45,"Vatican City State",2013,4.876,53.387
45,"Vatican City State",2016,0.625,26.238
45,"Vatican City State",2019,298.900,0.554
46,Malta,2013,959442.520,77934.791
46,Malta,2014,1036146.797,43489.612
46,Malta,2015,537079.205,27531.445
46,Malta,2016,246309.380,40403.104
46,Malta,2017,555217.804,64128.704
46,Malta,2018,575881.063,38701.200
46,Malta,2019,955345.744,72491.832
46,Malta,2020,432449.231,107129.468
46,Malta,2021,633069.536,95086.173
47,"San Marino",2013,384.736,2382.949
47,"San Marino",2014,40.607,3058.280
47,"San Marino",2015,12.953,2556.576
47,"San Marino",2016,55.776,1585.472
47,"San Marino",2017,157.771,1388.141
47,"San Marino",2018,202.444,1415.852
47,"San Marino",2019,85.931,1533.876
47,"San Marino",2020,90.370,1759.501
47,"San Marino",2021,338.583,1778.723
53,Estonia,2013,202271.093,267028.764
53,Estonia,2014,179842.311,312532.599
53,Estonia,2015,120623.444,282041.882
53,Estonia,2016,179999.978,233554.751
53,Estonia,2017,113743.624,287324.571
53,Estonia,2018,95976.548,225171.656
53,Estonia,2019,90361.147,195646.279
53,Estonia,2020,79157.304,166325.393
53,Estonia,2021,117458.834,204482.085
54,Latvia,2013,179990.461,170589.366
54,Latvia,2014,206408.092,171670.449
54,Latvia,2015,178880.314,123182.218
54,Latvia,2016,206496.902,198407.291
54,Latvia,2017,128987.222,138795.442
54,Latvia,2018,127879.710,166673.580
54,Latvia,2019,126578.650,166667.157
54,Latvia,2020,104716.134,155479.376
54,Latvia,2021,147223.150,208483.232
55,Lithuania,2013,416173.863,354023.571
55,Lithuania,2014,367283.372,290260.354
55,Lithuania,2015,312522.811,251035.903
55,Lithuania,2016,282922.884,282276.568
55,Lithuania,2017,321349.034,504250.409
55,Lithuania,2018,293750.598,401407.572
55,Lithuania,2019,258331.622,304062.078
55,Lithuania,2020,305869.797,459100.205
55,Lithuania,2021,333977.394,530413.873
60,Poland,2013,2137801.938,3387725.835
60,Poland,2014,2484489.352,3252300.386
60,Poland,2015,2420266.137,3148486.644
60,Poland,2016,2752851.090,3368728.361
60,Poland,2017,3186756.940,3604584.901
60,Poland,2018,3488042.645,3229871.190
60,Poland,2019,3448829.093,2603243.204
60,Poland,2020,3474725.848,3005108.293
60,Poland,2021,4253020.749,3300647.778
61,"Czech Republic",2013,848706.244,2756896.444
61,"Czech Republic",2014,976657.886,2514897.614
61,"Czech Republic",2015,908721.741,2309514.647
61,"Czech Republic",2016,948686.464,2662087.257
61,"Czech Republic",2017,1048891.610,2924205.323
61,"Czech Republic",2018,1162309.365,2746990.155
61,"Czech Republic",2019,1112589.096,2338350.131
61,"Czech Republic",2020,1127693.774,2746267.568
61,"Czech Republic",2021,1515721.699,2455273.425
63,Slovakia,2013,462834.535,1116242.588
63,Slovakia,2014,528449.965,942508.524
63,Slovakia,2015,557289.818,889923.327
63,Slovakia,2016,404883.432,972208.306
63,Slovakia,2017,405376.727,917668.468
63,Slovakia,2018,552605.717,798478.955
63,Slovakia,2019,598836.395,771584.493
63,Slovakia,2020,549927.334,978397.401
63,Slovakia,2021,599117.945,954028.140
64,Hungary,2013,709989.283,1280783.134
64,Hungary,2014,774667.406,1236515.500
64,Hungary,2015,801530.013,1376247.852
64,Hungary,2016,947583.392,1375583.277
64,Hungary,2017,1206080.611,1590358.003
64,Hungary,2018,1312807.060,1518647.650
64,Hungary,2019,1423206.068,1308084.790
64,Hungary,2020,1263416.509,1470677.903
64,Hungary,2021,1302164.527,1465721.914
66,Romania,2013,2783798.012,3716897.546
66,Romania,2014,3141512.646,3540608.433
66,Romania,2015,2924657.360,2718048.262
66,Romania,2016,2801685.423,2388989.831
66,Romania,2017,3315129.995,2596477.406
66,Romania,2018,4137338.324,2720956.086
66,Romania,2019,4073074.997,2770907.789
66,Romania,2020,3893980.979,2769252.937
66,Romania,2021,4690524.713,3061416.055
68,Bulgaria,2013,2136157.181,2810686.636
68,Bulgaria,2014,2117334.845,2924658.962
68,Bulgaria,2015,1762803.015,2348244.699
68,Bulgaria,2016,2488143.405,2162772.149
68,Bulgaria,2017,2919793.251,2791322.652
68,Bulgaria,2018,2816992.080,2545866.887
68,Bulgaria,2019,2668229.641,2384901.108
68,Bulgaria,2020,2634443.747,2124161.873
68,Bulgaria,2021,3568048.119,2341667.457
70,Albania,2013,321519.097,83819.010
70,Albania,2014,327919.296,100340.370
70,Albania,2015,293693.349,53886.009
70,Albania,2016,312370.727,19405.607
70,Albania,2017,403496.227,25266.315
70,Albania,2018,429961.149,23871.202
70,Albania,2019,487216.376,22276.352
70,Albania,2020,475338.322,33589.025
70,Albania,2021,705700.815,56132.396
72,Ukraine,2013,2387613.155,4607646.237
72,Ukraine,2014,1855867.368,4295993.438
72,Ukraine,2015,1181146.625,3519254.603
72,Ukraine,2016,1330651.172,2596436.384
72,Ukraine,2017,1465923.303,2936030.256
72,Ukraine,2018,1684156.403,2753653.507
72,Ukraine,2019,2156453.677,2725419.185
72,Ukraine,2020,2090326.820,2590374.549
72,Ukraine,2021,2645854.607,3969753.530
73,Belarus,2013,317723.116,193938.892
73,Belarus,2014,285300.517,148060.916
73,Belarus,2015,217005.107,219477.904
73,Belarus,2016,371487.219,101443.205
73,Belarus,2017,438987.339,184324.546
73,Belarus,2018,456121.650,168667.694
73,Belarus,2019,543111.075,165074.350
73,Belarus,2020,602745.046,176005.320
73,Belarus,2021,813371.628,226180.590
74,Moldova,2013,297650.287,262928.907
74,Moldova,2014,319915.938,262381.772
74,Moldova,2015,223026.786,221784.230
74,Moldova,2016,279066.608,176694.638
74,Moldova,2017,306142.023,218302.033
74,Moldova,2018,290032.137,198507.415
74,Moldova,2019,343345.212,264285.664
74,Moldova,2020,335047.611,181389.042
74,Moldova,2021,403961.368,327443.573
75,Russia,2013,7213894.288,26046540.610
75,Russia,2014,6170452.359,25411700.170
75,Russia,2015,3684262.911,20744049.730
75,Russia,2016,1792916.121,15467236.740
75,Russia,2017,2869847.400,20097026.960
75,Russia,2018,3652603.351,22710751.220
75,Russia,2019,4152137.036,23115236.230
75,Russia,2020,4506680.577,17829308.590
75,Russia,2021,5186535.288,25575826.890
76,Georgia,2013,1409042.731,241236.138
76,Georgia,2014,1611345.860,275017.667
76,Georgia,2015,1258058.673,274974.859
76,Georgia,2016,1315739.144,227786.555
76,Georgia,2017,1337799.502,219607.498
76,Georgia,2018,1438618.152,258701.493
76,Georgia,2019,1578014.143,272350.335
76,Georgia,2020,1461257.379,348883.558
76,Georgia,2021,1526060.678,423546.763
77,Armenia,2013,134.477,436.573
77,Armenia,2014,24.418,1358.318
77,Armenia,2015,135.321,1104.343
77,Armenia,2016,416.480,1501.954
77,Armenia,2017,433.455,2294.114
77,Armenia,2018,121.145,2110.012
77,Armenia,2019,19.181,2665.260
77,Armenia,2020,872.190,3351.656
77,Armenia,2021,2336.630,3641.627
78,Azerbaijan,2013,3174497.031,612678.329
78,Azerbaijan,2014,3061218.386,482575.826
78,Azerbaijan,2015,2092206.859,357092.829
78,Azerbaijan,2016,1387885.891,328043.925
78,Azerbaijan,2017,1476522.123,384145.665
78,Azerbaijan,2018,1701927.224,408427.975
78,Azerbaijan,2019,1788396.648,411021.557
78,Azerbaijan,2020,2085340.263,410710.278
78,Azerbaijan,2021,2120684.391,659913.385
79,Kazakhstan,2013,1155814.415,1758429.290
79,Kazakhstan,2014,1086994.907,1222772.029
79,Kazakhstan,2015,882334.297,1115011.927
79,Kazakhstan,2016,713825.485,1132309.246
79,Kazakhstan,2017,840335.769,1493795.933
79,Kazakhstan,2018,790318.098,1601678.335
79,Kazakhstan,2019,900143.608,1403956.393
79,Kazakhstan,2020,985614.991,1180549.089
79,Kazakhstan,2021,1180685.634,1454755.500
80,Turkmenistan,2013,2050248.491,789020.102
80,Turkmenistan,2014,2367646.431,764097.170
80,Turkmenistan,2015,1968062.320,634448.195
80,Turkmenistan,2016,1369128.070,511626.553
80,Turkmenistan,2017,1117744.501,487294.376
80,Turkmenistan,2018,503196.533,379508.250
80,Turkmenistan,2019,744691.111,344773.875
80,Turkmenistan,2020,786951.752,319386.759
80,Turkmenistan,2021,917291.804,617400.850
81,Uzbekistan,2013,624482.311,853057.862
81,Uzbekistan,2014,650354.543,846432.487
81,Uzbekistan,2015,518157.438,722711.767
81,Uzbekistan,2016,559425.052,723388.562
81,Uzbekistan,2017,726719.269,838368.936
81,Uzbekistan,2018,1030587.127,869604.612
81,Uzbekistan,2019,1232077.182,1140193.214
81,Uzbekistan,2020,1154082.216,969980.923
81,Uzbekistan,2021,1693703.465,1645831.918
82,Tajikistan,2013,309022.569,441750.020
82,Tajikistan,2014,303379.337,239652.505
82,Tajikistan,2015,177105.512,222878.012
82,Tajikistan,2016,160923.157,160278.797
82,Tajikistan,2017,166921.174,224030.520
82,Tajikistan,2018,188699.903,264795.252
82,Tajikistan,2019,156570.297,198072.319
82,Tajikistan,2020,173674.985,149040.301
82,Tajikistan,2021,234008.230,174827.570
83,Kyrgyzstan,2013,432301.019,106804.890
83,Kyrgyzstan,2014,467514.263,119998.239
83,Kyrgyzstan,2015,317222.314,117702.245
83,Kyrgyzstan,2016,327845.604,131685.305
83,Kyrgyzstan,2017,379072.124,155124.267
83,Kyrgyzstan,2018,391936.101,64030.795
83,Kyrgyzstan,2019,442042.765,77243.715
83,Kyrgyzstan,2020,417525.816,91158.666
83,Kyrgyzstan,2021,662730.313,73464.525
91,Slovenia,2013,696772.114,326365.673
91,Slovenia,2014,756710.667,322354.579
91,Slovenia,2015,823395.260,355026.149
91,Slovenia,2016,943556.623,308129.090
91,Slovenia,2017,1177052.707,398240.231
91,Slovenia,2018,1507484.448,363547.674
91,Slovenia,2019,1843315.618,372143.498
91,Slovenia,2020,1641449.023,390164.571
91,Slovenia,2021,1583708.506,413036.946
92,Croatia,2013,263623.003,218264.166
92,Croatia,2014,300200.993,144082.798
92,Croatia,2015,257373.460,142863.808
92,Croatia,2016,282302.967,146343.722
92,Croatia,2017,319439.206,222730.171
92,Croatia,2018,414669.722,212681.192
92,Croatia,2019,441835.980,224026.943
92,Croatia,2020,390488.744,241349.409
92,Croatia,2021,449190.759,346163.857
93,"Bosnia and Herzegovina",2013,278860.807,141368.513
93,"Bosnia and Herzegovina",2014,325564.291,185699.704
93,"Bosnia and Herzegovina",2015,295962.557,258867.515
93,"Bosnia and Herzegovina",2016,317568.049,278453.786
93,"Bosnia and Herzegovina",2017,356267.608,267618.202
93,"Bosnia and Herzegovina",2018,430826.887,239264.821
93,"Bosnia and Herzegovina",2019,453369.172,193581.502
93,"Bosnia and Herzegovina",2020,446460.661,203069.161
93,"Bosnia and Herzegovina",2021,583272.327,205129.907
95,Kosovo,2013,293040.112,11383.796
95,Kosovo,2014,284657.680,13247.578
95,Kosovo,2015,250437.509,9389.327
95,Kosovo,2016,272045.259,9249.074
95,Kosovo,2017,282167.427,8842.392
95,Kosovo,2018,313337.648,9622.390
95,Kosovo,2019,347660.916,8766.468
95,Kosovo,2020,364201.395,13596.498
95,Kosovo,2021,499918.436,18553.199
96,"North Macedonia",2013,302839.899,84907.746
96,"North Macedonia",2014,355261.913,83282.121
96,"North Macedonia",2015,337691.560,82840.462
96,"North Macedonia",2016,395938.854,80770.327
96,"North Macedonia",2017,380460.625,101326.925
96,"North Macedonia",2018,413181.551,119147.369
96,"North Macedonia",2019,408832.371,107584.863
96,"North Macedonia",2020,415894.005,130732.944
96,"North Macedonia",2021,510565.720,181467.485
97,Montenegro,2013,33012.139,11638.361
97,Montenegro,2014,36005.096,7127.244
97,Montenegro,2015,39767.231,7779.092
97,Montenegro,2016,52808.862,23328.654
97,Montenegro,2017,61326.339,23915.796
97,Montenegro,2018,80363.322,14333.971
97,Montenegro,2019,131513.158,12912.263
97,Montenegro,2020,103052.003,18019.859
97,Montenegro,2021,104165.921,18497.150
98,Serbia,2013,451765.346,257596.114
98,Serbia,2014,515450.290,329970.434
98,Serbia,2015,517271.802,307623.191
98,Serbia,2016,619236.906,365628.953
98,Serbia,2017,760885.942,492824.379
98,Serbia,2018,915601.411,393554.359
98,Serbia,2019,954100.310,437522.023
98,Serbia,2020,1018011.145,432305.122
98,Serbia,2021,1350901.483,402033.353
204,Morocco,2013,1310500.549,579508.072
204,Morocco,2014,1447519.619,638135.058
204,Morocco,2015,1371417.492,728337.764
204,Morocco,2016,1489797.501,920703.920
204,Morocco,2017,1686712.642,930871.097
204,Morocco,2018,2036300.510,752929.709
204,Morocco,2019,2347410.948,713305.707
204,Morocco,2020,2057157.552,642097.447
204,Morocco,2021,2616397.096,795071.229
208,Algeria,2013,2122093.410,711358.710
208,Algeria,2014,2231208.936,924505.233
208,Algeria,2015,1932394.634,744029.510
208,Algeria,2016,1830251.772,470181.861
208,Algeria,2017,1828143.503,796655.524
208,Algeria,2018,2120927.861,1158500.606
208,Algeria,2019,2016437.646,719266.723
208,Algeria,2020,1449568.631,567383.592
208,Algeria,2021,1528412.905,1060135.551
212,Tunisia,2013,1029159.551,314531.859
212,Tunisia,2014,953228.786,227279.331
212,Tunisia,2015,848854.452,158078.739
212,Tunisia,2016,937807.575,221218.435
212,Tunisia,2017,940060.639,229884.284
212,Tunisia,2018,959537.327,233960.552
212,Tunisia,2019,886740.981,190113.163
212,Tunisia,2020,928097.720,150604.647
212,Tunisia,2021,1245367.132,249230.575
216,Libya,2013,3131863.740,306670.181
216,Libya,2014,2166245.687,259010.246
216,Libya,2015,1517069.057,229766.600
216,Libya,2016,979456.288,195331.298
216,Libya,2017,915735.984,232086.831
216,Libya,2018,1583537.020,371677.574
216,Libya,2019,2069497.110,483501.799
216,Libya,2020,1653076.344,1674296.534
216,Libya,2021,2508274.025,721190.066
220,Egypt,2013,3336392.383,1718720.029
220,Egypt,2014,3442286.631,1535279.988
220,Egypt,2015,3249097.249,1313184.318
220,Egypt,2016,2832073.457,1445112.618
220,Egypt,2017,2547809.341,2013962.131
220,Egypt,2018,3214750.221,2168478.142
220,Egypt,2019,3508791.141,1903804.826
220,Egypt,2020,3136159.938,1722943.812
220,Egypt,2021,3908360.977,1970856.375
224,Sudan,2013,300279.117,32999.061
224,Sudan,2014,331378.044,19618.017
224,Sudan,2015,452211.628,29687.916
224,Sudan,2016,469916.547,56825.145
224,Sudan,2017,405373.375,92536.781
224,Sudan,2018,373765.908,86948.850
224,Sudan,2019,307144.124,82265.804
224,Sudan,2020,375461.920,105465.059
224,Sudan,2021,263143.611,92875.770
225,"South Sudan",2017,2586.351,154.101
225,"South Sudan",2018,2707.810,149.520
225,"South Sudan",2020,6262.834,0.677
225,"South Sudan",2021,9954.578,30.383
228,Mauritania,2013,106104.900,3656.397
228,Mauritania,2014,95836.859,16019.637
228,Mauritania,2015,99685.686,12879.892
228,Mauritania,2016,78676.297,18462.730
228,Mauritania,2017,88905.724,43925.829
228,Mauritania,2018,145359.897,29167.648
228,Mauritania,2019,168387.233,83223.690
228,Mauritania,2020,119730.692,27038.655
228,Mauritania,2021,396882.228,276636.524
232,Mali,2013,23294.531,453.719
232,Mali,2014,33881.474,9483.014
232,Mali,2015,31595.012,2258.535
232,Mali,2016,66194.678,10195.443
232,Mali,2017,53672.210,29940.908
232,Mali,2018,54547.421,20137.027
232,Mali,2019,49161.040,8665.402
232,Mali,2020,69551.647,3806.556
232,Mali,2021,74230.085,50741.617
236,"Burkina Faso",2013,20747.430,37599.542
236,"Burkina Faso",2014,26068.219,22949.746
236,"Burkina Faso",2015,21978.710,47580.903
236,"Burkina Faso",2016,26141.774,45862.505
236,"Burkina Faso",2017,27911.080,63835.120
236,"Burkina Faso",2018,54469.324,8877.496
236,"Burkina Faso",2019,32659.549,20617.907
236,"Burkina Faso",2020,65606.297,7510.177
236,"Burkina Faso",2021,86439.171,12488.940
240,Niger,2013,46551.096,182.434
240,Niger,2014,35518.691,39.997
240,Niger,2015,31961.623,68.333
240,Niger,2016,23996.293,527.451
240,Niger,2017,38484.010,869.590
240,Niger,2018,60398.746,2217.230
240,Niger,2019,75596.903,151.085
240,Niger,2020,58875.477,165.914
240,Niger,2021,73103.533,5227.537
244,Chad,2013,13465.383,12353.937
244,Chad,2014,19354.691,17270.221
244,Chad,2015,17747.506,22607.193
244,Chad,2016,18639.305,23364.164
244,Chad,2017,17966.774,22110.897
244,Chad,2018,31768.755,25142.466
244,Chad,2019,40328.019,35332.873
244,Chad,2020,41484.577,70731.860
244,Chad,2021,48337.312,100060.722
247,"Cape Verde",2014,6681.007,1091.328
247,"Cape Verde",2015,5259.796,3074.672
247,"Cape Verde",2016,4253.352,2635.193
247,"Cape Verde",2017,4437.688,1052.874
247,"Cape Verde",2018,5218.572,472.105
247,"Cape Verde",2019,9373.261,537.930
247,"Cape Verde",2020,5467.967,9.400
247,"Cape Verde",2021,9457.588,909.776
248,Senegal,2013,124356.269,5580.941
248,Senegal,2014,169526.964,4630.610
248,Senegal,2015,132287.095,5345.545
248,Senegal,2016,161909.743,5773.489
248,Senegal,2017,250084.597,5028.910
248,Senegal,2018,394069.259,12676.920
248,Senegal,2019,288934.000,10209.140
248,Senegal,2020,361219.894,19028.784
248,Senegal,2021,486477.414,10125.930
252,Gambia,2013,34766.915,34.149
252,Gambia,2014,21988.016,114.877
252,Gambia,2015,16859.040,26.950
252,Gambia,2016,19753.247,3.821
252,Gambia,2017,39534.396,2.776
252,Gambia,2018,48528.630,63.412
252,Gambia,2019,53560.734,1337.681
252,Gambia,2020,62470.857,1459.508
252,Gambia,2021,65453.144,141.869
257,Guinea-Bissau,2013,5335.250,129.996
257,Guinea-Bissau,2014,6622.480,571.537
257,Guinea-Bissau,2015,5531.252,1273.402
257,Guinea-Bissau,2016,4435.121,1443.105
257,Guinea-Bissau,2017,4246.324,937.919
257,Guinea-Bissau,2019,4250.000,651.787
257,Guinea-Bissau,2020,8256.374,1180.499
257,Guinea-Bissau,2021,9128.791,4888.549
260,Guinea,2013,134681.786,12342.707
260,Guinea,2014,68343.341,5407.261
260,Guinea,2015,68899.455,3676.770
260,Guinea,2016,71673.022,5714.410
260,Guinea,2017,98338.317,18152.426
260,Guinea,2018,110651.627,66123.839
260,Guinea,2019,136742.269,4865.015
260,Guinea,2020,135962.775,162016.667
260,Guinea,2021,204821.438,7751.611
264,"Sierra Leone",2013,47510.075,23726.146
264,"Sierra Leone",2014,46234.576,26171.502
264,"Sierra Leone",2015,44526.759,1838.282
264,"Sierra Leone",2016,40140.118,4092.490
264,"Sierra Leone",2017,51880.455,945.839
264,"Sierra Leone",2018,54509.860,2815.313
264,"Sierra Leone",2019,60546.886,2946.034
264,"Sierra Leone",2020,76591.251,1788.379
264,"Sierra Leone",2021,121896.610,8193.815
268,Liberia,2013,143342.707,12041.441
268,Liberia,2014,132088.963,14318.677
268,Liberia,2015,107954.550,2037.990
268,Liberia,2016,121330.134,8851.862
268,Liberia,2017,185061.168,8660.151
268,Liberia,2018,179459.310,13878.109
268,Liberia,2019,222331.193,12572.828
268,Liberia,2020,177703.858,100209.136
268,Liberia,2021,241089.621,3501.931
272,"CĂ´te d'Ivoir",2013,89274.025,138452.463
272,"CĂ´te d'Ivoir",2014,94985.984,278218.627
272,"CĂ´te d'Ivoir",2015,121947.820,296656.866
272,"CĂ´te d'Ivoir",2016,119054.901,232990.036
272,"CĂ´te d'Ivoir",2017,154424.755,259324.062
272,"CĂ´te d'Ivoir",2018,179197.170,195937.780
272,"CĂ´te d'Ivoir",2019,227665.557,183592.426
272,"CĂ´te d'Ivoir",2020,307904.767,322637.878
272,"CĂ´te d'Ivoir",2021,364916.760,336920.782
276,Ghana,2013,186844.577,176442.806
276,Ghana,2014,187212.244,152233.527
276,Ghana,2015,235317.897,166762.403
276,Ghana,2016,303185.535,182753.126
276,Ghana,2017,229335.945,122895.673
276,Ghana,2018,279979.935,77653.150
276,Ghana,2019,374339.742,102273.721
276,Ghana,2020,477530.337,294084.642
276,Ghana,2021,414053.601,109970.456
280,Togo,2013,94663.547,46311.872
280,Togo,2014,58908.075,45579.573
280,Togo,2015,57004.325,8457.109
280,Togo,2016,36066.318,5480.339
280,Togo,2017,59415.084,12169.653
280,Togo,2018,78699.931,17917.355
280,Togo,2019,99512.496,10549.647
280,Togo,2020,141680.607,10881.142
280,Togo,2021,109692.651,25368.883
284,Benin,2013,132782.965,1697.258
284,Benin,2014,100732.510,1551.748
284,Benin,2015,80254.668,2916.129
284,Benin,2016,84603.440,3130.555
284,Benin,2017,95672.904,22425.682
284,Benin,2018,116802.467,26865.737
284,Benin,2019,130979.122,15923.858
284,Benin,2020,117882.543,5465.154
284,Benin,2021,138909.690,11752.580
288,Nigeria,2013,473174.030,164743.169
288,Nigeria,2014,510155.550,160134.394
288,Nigeria,2015,375808.025,200603.549
288,Nigeria,2016,248045.934,146088.738
288,Nigeria,2017,340480.900,145047.646
288,Nigeria,2018,368675.283,143286.846
288,Nigeria,2019,595903.667,156020.743
288,Nigeria,2020,610881.512,128978.082
288,Nigeria,2021,775898.547,94270.566
302,Cameroon,2013,108869.885,43100.581
302,Cameroon,2014,117445.960,38755.725
302,Cameroon,2015,89944.854,37662.888
302,Cameroon,2016,69449.640,45627.407
302,Cameroon,2017,101136.399,52510.216
302,Cameroon,2018,156710.154,48710.253
302,Cameroon,2019,156627.478,52142.896
302,Cameroon,2020,158858.613,43775.261
302,Cameroon,2021,160227.653,54159.090
306,"Central African Rep.",2013,1437.675,2980.557
306,"Central African Rep.",2014,6164.928,2586.665
306,"Central African Rep.",2015,1187.771,3203.641
306,"Central African Rep.",2016,1057.305,2751.883
306,"Central African Rep.",2017,1966.063,918.841
306,"Central African Rep.",2018,2878.914,3015.984
306,"Central African Rep.",2019,4062.644,1977.172
306,"Central African Rep.",2020,2995.121,1774.099
306,"Central African Rep.",2021,3391.422,2059.683
310,"Equatorial Guinea",2013,73965.665,71.673
310,"Equatorial Guinea",2014,65014.283,332.051
310,"Equatorial Guinea",2015,46447.067,109.913
310,"Equatorial Guinea",2016,23982.297,652.718
310,"Equatorial Guinea",2017,22132.836,89.676
310,"Equatorial Guinea",2018,32349.490,300.388
310,"Equatorial Guinea",2019,26929.882,3698.654
310,"Equatorial Guinea",2020,38823.047,25.421
310,"Equatorial Guinea",2021,28290.161,52.901
311,"Sao Tome And Principe",2013,504.454,378.579
311,"Sao Tome And Principe",2014,518.525,2508.934
311,"Sao Tome And Principe",2016,736.565,26.795
311,"Sao Tome And Principe",2018,1878.504,9.499
311,"Sao Tome And Principe",2020,2627.575,25.843
314,Gabon,2013,95808.972,18480.597
314,Gabon,2014,58016.120,3001.704
314,Gabon,2015,66734.804,3206.279
314,Gabon,2016,24574.525,1701.114
314,Gabon,2017,40692.260,3448.202
314,Gabon,2018,30941.506,8200.348
314,Gabon,2019,73172.625,8324.335
314,Gabon,2020,51574.553,20375.646
314,Gabon,2021,41057.171,20521.263
318,Congo,2013,95050.251,8208.692
318,Congo,2014,100681.172,82404.795
318,Congo,2015,132321.326,5088.384
318,Congo,2016,105889.197,7746.558
318,Congo,2017,60916.150,12982.622
318,Congo,2018,56112.673,3969.396
318,Congo,2019,60342.789,1471.456
318,Congo,2020,60744.458,8704.220
318,Congo,2021,76647.513,2126.329
322,"Democratic Rep. of the Congo",2013,39358.562,56722.335
322,"Democratic Rep. of the Congo",2014,41072.599,204092.252
322,"Democratic Rep. of the Congo",2015,32251.300,124684.653
322,"Democratic Rep. of the Congo",2016,25773.968,34460.120
322,"Democratic Rep. of the Congo",2017,27073.547,11033.468
322,"Democratic Rep. of the Congo",2018,35723.122,7757.771
322,"Democratic Rep. of the Congo",2019,54468.178,460.538
322,"Democratic Rep. of the Congo",2020,57341.451,939.083
322,"Democratic Rep. of the Congo",2021,46939.980,13060.176
324,Rwanda,2013,9761.314,437.623
324,Rwanda,2014,38389.769,3.275
324,Rwanda,2015,31407.663,124.292
324,Rwanda,2016,30854.571,131.089
324,Rwanda,2017,42601.488,121.497
324,Rwanda,2018,20916.668,131.615
324,Rwanda,2019,33034.287,183.504
324,Rwanda,2020,27478.758,54052.029
324,Rwanda,2021,73876.938,583.061
328,Burundi,2014,2517.573,2.881
328,Burundi,2015,2509.713,42.058
328,Burundi,2016,1861.390,46.109
328,Burundi,2017,1973.175,116.502
328,Burundi,2018,2508.481,160.890
328,Burundi,2019,2668.689,485.112
328,Burundi,2020,2897.640,107.270
328,Burundi,2021,2202.578,68.727
329,"St. Helena And Dep.",2018,11.109,0.174
329,"St. Helena And Dep.",2019,12.807,10.473
329,"St. Helena And Dep.",2020,5179.102,1.046
330,Angola,2013,286055.750,8005.718
330,Angola,2014,306772.606,4964.169
330,Angola,2015,236402.028,179.078
330,Angola,2016,132353.762,5987.665
330,Angola,2017,189075.825,1383.665
330,Angola,2018,233462.645,2021.441
330,Angola,2019,214920.737,2323.810
330,Angola,2020,183338.903,4228.350
330,Angola,2021,180743.911,10193.730
334,Ethiopia,2013,371207.149,72701.025
334,Ethiopia,2014,336139.850,79191.667
334,Ethiopia,2015,393349.583,41894.297
334,Ethiopia,2016,411589.600,38589.072
334,Ethiopia,2017,347253.396,38849.558
334,Ethiopia,2018,328704.054,39473.784
334,Ethiopia,2019,380904.743,51483.589
334,Ethiopia,2020,231373.849,40527.249
334,Ethiopia,2021,301349.763,20300.354
336,Eritrea,2013,1318.106,125.624
336,Eritrea,2014,6285.497,26.702
336,Eritrea,2015,13858.733,0.629
336,Eritrea,2016,15665.988,2381.373
336,Eritrea,2018,8268.617,22.760
336,Eritrea,2020,9913.395,4.193
336,Eritrea,2021,20560.662,64.162
338,Djibouti,2013,71259.162,411.234
338,Djibouti,2014,61385.214,136.245
338,Djibouti,2015,99535.123,162.843
338,Djibouti,2016,82677.811,149.073
338,Djibouti,2017,104465.411,405.978
338,Djibouti,2018,198952.373,190.415
338,Djibouti,2019,255694.674,42.624
338,Djibouti,2020,319971.352,53.916
338,Djibouti,2021,281023.270,809.357
342,Somalia,2013,61239.188,1115.600
342,Somalia,2014,63727.684,1718.269
342,Somalia,2015,72553.350,1226.086
342,Somalia,2016,119919.786,2180.401
342,Somalia,2017,147465.313,1235.773
342,Somalia,2018,183920.320,6626.350
342,Somalia,2019,256527.531,6979.975
342,Somalia,2020,271700.085,4938.346
342,Somalia,2021,313658.491,4483.814
346,Kenya,2013,150329.346,14547.118
346,Kenya,2014,135697.060,17000.802
346,Kenya,2015,143244.536,14414.616
346,Kenya,2016,137561.609,13070.086
346,Kenya,2017,160179.639,16994.341
346,Kenya,2018,219895.145,18932.585
346,Kenya,2019,230494.236,17310.028
346,Kenya,2020,227998.029,24047.613
346,Kenya,2021,237425.107,18627.612
350,Uganda,2013,23732.522,8507.375
350,Uganda,2014,26629.186,12631.565
350,Uganda,2015,22240.766,6783.833
350,Uganda,2016,21794.741,11064.140
350,Uganda,2017,24168.679,8446.927
350,Uganda,2018,31620.487,10290.535
350,Uganda,2019,33574.744,7487.249
350,Uganda,2020,53835.723,9092.978
350,Uganda,2021,53262.356,10689.888
352,Tanzania,2013,144661.742,51776.109
352,Tanzania,2014,153762.844,40832.702
352,Tanzania,2015,119503.249,44698.308
352,Tanzania,2016,97388.173,27395.998
352,Tanzania,2017,118490.685,48256.954
352,Tanzania,2018,229706.718,40919.302
352,Tanzania,2019,226103.205,29750.856
352,Tanzania,2020,200346.786,49680.738
352,Tanzania,2021,229052.000,38364.042
355,Seychelles,2013,10454.869,1064.497
355,Seychelles,2014,9545.119,5583.097
355,Seychelles,2015,7861.627,9587.316
355,Seychelles,2016,6470.249,5299.868
355,Seychelles,2017,6945.054,13941.471
355,Seychelles,2018,13612.838,9351.470
355,Seychelles,2019,17701.797,7783.023
355,Seychelles,2020,17914.124,9045.632
355,Seychelles,2021,11260.056,21010.906
357,"British Ind.Oce.Ter.",2013,168.809,1.907
357,"British Ind.Oce.Ter.",2014,257.561,0.970
357,"British Ind.Oce.Ter.",2015,266.711,5.862
357,"British Ind.Oce.Ter.",2016,570.463,62.276
357,"British Ind.Oce.Ter.",2017,282.906,28.686
357,"British Ind.Oce.Ter.",2018,248.328,0.260
357,"British Ind.Oce.Ter.",2019,204.709,93.753
357,"British Ind.Oce.Ter.",2021,255.630,0.238
366,Mozambique,2013,47046.995,68472.900
366,Mozambique,2014,52148.436,75083.601
366,Mozambique,2015,47553.617,77537.556
366,Mozambique,2016,26615.849,100922.929
366,Mozambique,2017,27678.096,146943.256
366,Mozambique,2018,51006.482,93291.789
366,Mozambique,2019,87857.466,72740.877
366,Mozambique,2020,76696.495,71046.172
366,Mozambique,2021,97997.280,40141.515
370,Madagascar,2013,59809.027,7742.267
370,Madagascar,2014,54372.335,13984.753
370,Madagascar,2015,53956.059,12136.337
370,Madagascar,2016,59709.709,6144.654
370,Madagascar,2017,73831.473,11299.798
370,Madagascar,2018,81962.332,7176.477
370,Madagascar,2019,72087.144,9784.467
370,Madagascar,2020,73861.519,14626.878
370,Madagascar,2021,58214.846,16053.420
373,Mauritius,2013,41663.337,7873.218
373,Mauritius,2014,38636.621,7578.046
373,Mauritius,2015,35142.643,6359.537
373,Mauritius,2016,36726.560,4741.552
373,Mauritius,2017,65450.279,3895.091
373,Mauritius,2018,70626.498,2983.062
373,Mauritius,2019,75058.688,3327.925
373,Mauritius,2020,74590.352,2702.360
373,Mauritius,2021,82633.056,1102.006
375,Comoros,2013,5077.730,5849.629
375,Comoros,2014,6833.385,1078.066
375,Comoros,2015,4762.534,710.912
375,Comoros,2016,4878.735,42.192
375,Comoros,2017,6193.288,3311.004
375,Comoros,2018,11187.091,7442.642
375,Comoros,2019,13668.321,7777.128
375,Comoros,2020,14223.139,4646.037
375,Comoros,2021,15526.273,6733.322
377,Mayotte,2013,6102.816,2607.544
377,Mayotte,2016,3815.462,0.244
377,Mayotte,2019,6232.778,0.182
377,Mayotte,2020,8722.287,0.414
377,Mayotte,2021,10569.655,0.018
378,Zambia,2013,22326.743,1476.109
378,Zambia,2014,22436.645,13782.606
378,Zambia,2015,29888.813,4351.342
378,Zambia,2016,15957.495,4791.787
378,Zambia,2017,18378.513,4629.130
378,Zambia,2018,17385.063,3711.533
378,Zambia,2019,20121.054,5570.516
378,Zambia,2020,20911.206,4135.236
378,Zambia,2021,18913.823,4681.926
382,Zimbabwe,2013,7910.780,15268.423
382,Zimbabwe,2014,5007.463,8302.298
382,Zimbabwe,2015,4474.552,6758.094
382,Zimbabwe,2016,4634.347,10701.688
382,Zimbabwe,2017,5362.627,12691.100
382,Zimbabwe,2018,11771.580,7598.397
382,Zimbabwe,2019,6022.959,12923.818
382,Zimbabwe,2020,15347.278,13584.070
382,Zimbabwe,2021,12861.084,14644.189
386,Malawi,2013,5433.072,25450.918
386,Malawi,2014,2930.643,39021.029
386,Malawi,2015,3455.637,37941.972
386,Malawi,2016,3789.857,18531.060
386,Malawi,2017,3372.922,16685.955
386,Malawi,2018,6562.150,15606.518
386,Malawi,2019,5004.888,18004.549
386,Malawi,2020,2847.093,19806.916
386,Malawi,2021,3926.061,19819.614
388,"Rep. of South Africa",2013,671334.916,1463590.975
388,"Rep. of South Africa",2014,593238.358,1156682.462
388,"Rep. of South Africa",2015,522531.913,903196.386
388,"Rep. of South Africa",2016,423282.058,1051912.322
388,"Rep. of South Africa",2017,492434.920,1717269.599
388,"Rep. of South Africa",2018,554241.655,1381693.502
388,"Rep. of South Africa",2019,569559.790,754214.012
388,"Rep. of South Africa",2020,574029.370,887895.895
388,"Rep. of South Africa",2021,805555.114,1081779.002
389,Namibia,2013,3021.863,4201.025
389,Namibia,2014,9598.912,3628.576
389,Namibia,2015,83690.274,1767.742
389,Namibia,2016,40903.025,595.156
389,Namibia,2017,55444.613,767.979
389,Namibia,2018,23602.913,1892.208
389,Namibia,2019,9401.533,2444.430
389,Namibia,2020,4248.230,129.229
389,Namibia,2021,3259.584,97.735
391,Botswana,2013,2858.812,0.217
391,Botswana,2014,1884.621,5.795
391,Botswana,2015,1418.181,244.058
391,Botswana,2016,4350.715,9.223
391,Botswana,2017,2942.496,5.122
391,Botswana,2018,2785.283,4.479
391,Botswana,2019,2839.656,39.279
391,Botswana,2020,4777.874,5.386
391,Botswana,2021,3117.726,199.180
393,Eswatini,2013,1593.939,17.665
393,Eswatini,2014,766.324,14.877
393,Eswatini,2015,1132.962,44.690
393,Eswatini,2016,548.100,31.229
393,Eswatini,2017,1185.327,313.990
393,Eswatini,2018,1252.861,53.884
393,Eswatini,2019,155.567,153.218
393,Eswatini,2020,439.753,9.360
393,Eswatini,2021,541.354,13.150
395,Lesotho,2013,496.949,10.375
395,Lesotho,2014,178.474,78.880
395,Lesotho,2015,250.648,33.619
395,Lesotho,2016,346.613,42.684
395,Lesotho,2017,1417.719,35.513
395,Lesotho,2018,2916.819,5.302
395,Lesotho,2019,1623.683,29.109
395,Lesotho,2020,407.646,12.879
395,Lesotho,2021,274.413,174.151
400,USA,2013,6646601.065,13350432.700
400,USA,2014,6921045.528,13464951.010
400,USA,2015,7019677.522,11603110.680
400,USA,2016,7262305.664,11275869.150
400,USA,2017,9259582.787,12288503.150
400,USA,2018,9072756.255,12995754.410
400,USA,2019,8970657.918,11847373.370
400,USA,2020,10182965.820,11524950.890
400,USA,2021,13207644.690,11703746.830
404,Canada,2013,973234.079,1446936.556
404,Canada,2014,987062.549,1208970.253
404,Canada,2015,718124.472,984802.890
404,Canada,2016,778817.238,1145524.578
404,Canada,2017,1099777.260,2235548.568
404,Canada,2018,1338675.082,1982554.294
404,Canada,2019,985966.388,1631782.461
404,Canada,2020,1005387.482,1078393.016
404,Canada,2021,1564094.632,938581.771
406,Greenland,2013,21.486,125.668
406,Greenland,2014,0.609,3.081
406,Greenland,2015,30.423,5.329
406,Greenland,2016,51481.004,15.262
406,Greenland,2017,38.390,10.978
406,Greenland,2018,29.776,9.750
406,Greenland,2019,49.527,36.629
406,Greenland,2020,151.543,12.323
406,Greenland,2021,29.711,2.433
408,"St Pierre and Miquelon",2013,71.519,4.757
408,"St Pierre and Miquelon",2014,37.548,160.552
408,"St Pierre and Miquelon",2015,6.213,1.710
408,"St Pierre and Miquelon",2016,6.662,1.173
408,"St Pierre and Miquelon",2018,0.418,0.115
408,"St Pierre and Miquelon",2019,8.121,2.675
408,"St Pierre and Miquelon",2020,10.110,0.361
412,Mexico,2013,276932.650,1040446.395
412,Mexico,2014,343141.066,1059804.499
412,Mexico,2015,371912.752,887339.846
412,Mexico,2016,475730.428,895868.360
412,Mexico,2017,477585.321,838469.629
412,Mexico,2018,652286.855,672815.952
412,Mexico,2019,668355.982,742063.694
412,Mexico,2020,538582.702,833480.824
412,Mexico,2021,744097.493,873843.251
413,Bermuda,2013,723.612,13857.223
413,Bermuda,2014,1321.974,44.221
413,Bermuda,2015,1068.339,3978.014
413,Bermuda,2016,824.798,14.372
413,Bermuda,2017,875.242,24.770
413,Bermuda,2018,1437.171,15.930
413,Bermuda,2019,1586.063,26.245
413,Bermuda,2020,440.880,3.315
413,Bermuda,2021,1274.815,18.428
416,Guatemala,2013,19825.300,22658.707
416,Guatemala,2014,20758.923,15762.694
416,Guatemala,2015,24546.389,46520.156
416,Guatemala,2016,30995.988,39554.250
416,Guatemala,2017,38600.544,15762.191
416,Guatemala,2018,45370.660,11915.024
416,Guatemala,2019,53638.313,13663.191
416,Guatemala,2020,54471.264,17807.335
416,Guatemala,2021,113002.997,14192.405
421,Belize,2013,15626.394,6698.781
421,Belize,2014,21135.744,7862.381
421,Belize,2015,8778.331,3041.308
421,Belize,2016,6039.310,1595.882
421,Belize,2017,5025.435,1158.365
421,Belize,2018,9941.248,1069.158
421,Belize,2019,10641.840,3650.685
421,Belize,2020,5085.281,2.284
421,Belize,2021,7571.023,3033.857
424,Honduras,2013,10043.789,5683.098
424,Honduras,2014,8524.052,2318.149
424,Honduras,2015,9021.202,3501.593
424,Honduras,2016,7295.572,8439.822
424,Honduras,2017,14990.143,5393.853
424,Honduras,2018,27960.066,3531.857
424,Honduras,2019,16388.724,4909.841
424,Honduras,2020,40554.164,5841.975
424,Honduras,2021,63297.448,10007.157
428,"El Salvador",2013,3239.951,481.607
428,"El Salvador",2014,2508.752,1291.817
428,"El Salvador",2015,4432.988,1291.617
428,"El Salvador",2016,5622.565,5054.864
428,"El Salvador",2017,26469.129,3893.286
428,"El Salvador",2018,17572.321,4167.182
428,"El Salvador",2019,14844.809,2432.324
428,"El Salvador",2020,25238.809,1903.814
428,"El Salvador",2021,41028.805,5979.307
432,Nicaragua,2013,6505.346,229.190
432,Nicaragua,2014,3769.072,309.210
432,Nicaragua,2015,3966.037,452.106
432,Nicaragua,2016,4619.554,319.728
432,Nicaragua,2017,11610.613,346.803
432,Nicaragua,2018,15304.688,503.094
432,Nicaragua,2019,11589.947,820.026
432,Nicaragua,2020,12167.360,932.248
432,Nicaragua,2021,16329.560,1205.918
436,"Costa Rica",2013,34842.363,200867.102
436,"Costa Rica",2014,49121.320,163461.109
436,"Costa Rica",2015,48195.499,69429.317
436,"Costa Rica",2016,47168.028,74950.409
436,"Costa Rica",2017,52906.173,63472.416
436,"Costa Rica",2018,62774.158,44856.523
436,"Costa Rica",2019,56313.293,56501.101
436,"Costa Rica",2020,48522.464,65992.566
436,"Costa Rica",2021,90831.917,43988.219
442,Panama,2013,234930.582,51075.003
442,Panama,2014,231901.729,23935.711
442,Panama,2015,171071.343,22952.874
442,Panama,2016,105379.917,14004.094
442,Panama,2017,204540.591,37670.079
442,Panama,2018,249765.479,41710.431
442,Panama,2019,255843.450,12273.385
442,Panama,2020,171514.938,40216.561
442,Panama,2021,266143.601,16767.893
446,Anguilla,2014,81.680,9.975
446,Anguilla,2016,108.636,4.057
446,Anguilla,2017,95.834,2.653
446,Anguilla,2021,119.736,0.235
448,Cuba,2013,14035.519,22180.477
448,Cuba,2014,13041.454,16475.060
448,Cuba,2015,11016.352,22783.462
448,Cuba,2016,6628.995,20027.187
448,Cuba,2017,21436.933,20904.131
448,Cuba,2018,33120.755,19414.791
448,Cuba,2019,44605.588,20231.819
448,Cuba,2020,24991.548,13016.679
448,Cuba,2021,28060.070,10898.886
449,"St. Kitts and Nevis",2013,9900.934,3688.187
449,"St. Kitts and Nevis",2014,9311.625,4015.990
449,"St. Kitts and Nevis",2015,4095.664,18.741
449,"St. Kitts and Nevis",2016,3863.266,6946.712
449,"St. Kitts and Nevis",2017,2328.499,7137.328
449,"St. Kitts and Nevis",2018,7089.556,2961.327
449,"St. Kitts and Nevis",2019,6310.465,3.507
449,"St. Kitts and Nevis",2020,2562.618,1980.611
449,"St. Kitts and Nevis",2021,3332.838,8.717
452,Haiti,2013,29359.665,517.976
452,Haiti,2014,37571.683,162.602
452,Haiti,2015,23152.839,146.129
452,Haiti,2016,22486.245,259.599
452,Haiti,2017,88127.958,320.713
452,Haiti,2018,102644.669,301.608
452,Haiti,2019,132149.727,701.000
452,Haiti,2020,164397.665,709.359
452,Haiti,2021,129533.637,990.964
453,Bahamas,2013,12011.375,137130.234
453,Bahamas,2014,15911.225,5240.272
453,Bahamas,2015,14471.906,16735.616
453,Bahamas,2016,10897.531,172.657
453,Bahamas,2017,10743.466,225.851
453,Bahamas,2018,16160.452,2757.997
453,Bahamas,2019,88544.216,365.813
453,Bahamas,2020,20941.665,7414.302
453,Bahamas,2021,44636.971,852.440
454,"Turks And Caicos Isl",2014,89.075,0.155
454,"Turks And Caicos Isl",2015,71.173,1.771
454,"Turks And Caicos Isl",2016,145.943,3.494
454,"Turks And Caicos Isl",2017,73.727,8.135
454,"Turks And Caicos Isl",2018,988.313,2.063
454,"Turks And Caicos Isl",2019,763.063,0.784
454,"Turks And Caicos Isl",2020,1011.846,9.324
454,"Turks And Caicos Isl",2021,876.373,0.317
456,"Dominican Rep.",2013,46127.321,20141.236
456,"Dominican Rep.",2014,66416.662,18696.111
456,"Dominican Rep.",2015,40728.305,18632.582
456,"Dominican Rep.",2016,42157.706,14608.063
456,"Dominican Rep.",2017,74800.152,17776.199
456,"Dominican Rep.",2018,109608.297,17223.264
456,"Dominican Rep.",2019,123808.723,16781.327
456,"Dominican Rep.",2020,124977.866,17015.594
456,"Dominican Rep.",2021,211583.586,21792.017
457,"USA Virgin Isl.",2013,923.761,410.986
457,"USA Virgin Isl.",2014,353.966,410.502
457,"USA Virgin Isl.",2015,363.109,98.398
457,"USA Virgin Isl.",2016,369.002,4.177
457,"USA Virgin Isl.",2017,355.628,576.456
457,"USA Virgin Isl.",2018,2069.806,59.259
457,"USA Virgin Isl.",2019,7651.256,96.171
457,"USA Virgin Isl.",2020,329.022,187.817
457,"USA Virgin Isl.",2021,1441.011,3.554
459,"Antigua and Barbuda",2013,10778.068,3723.427
459,"Antigua and Barbuda",2014,15818.928,87.447
459,"Antigua and Barbuda",2015,7933.342,1752.224
459,"Antigua and Barbuda",2016,4751.300,816.203
459,"Antigua and Barbuda",2017,5907.534,595.327
459,"Antigua and Barbuda",2018,8618.551,1.574
459,"Antigua and Barbuda",2019,13558.109,6346.215
459,"Antigua and Barbuda",2020,6909.712,72.857
459,"Antigua and Barbuda",2021,8121.824,0.169
460,Dominica,2013,1135.714,1830.808
460,Dominica,2014,580.459,110.659
460,Dominica,2015,659.386,95.692
460,Dominica,2016,534.455,13.244
460,Dominica,2017,603.054,166.314
460,Dominica,2018,1759.801,102.010
460,Dominica,2019,1697.772,2.620
460,Dominica,2020,1615.513,62.617
460,Dominica,2021,2147.183,5.450
463,"Cayman Islands",2013,133292.967,879.813
463,"Cayman Islands",2014,40404.953,5.597
463,"Cayman Islands",2015,44333.887,2.115
463,"Cayman Islands",2016,18095.923,62.798
463,"Cayman Islands",2017,21237.096,552.937
463,"Cayman Islands",2018,92068.925,121.496
463,"Cayman Islands",2019,40475.426,87.674
463,"Cayman Islands",2020,7186.948,17.985
463,"Cayman Islands",2021,152644.168,2340.138
464,Jamaica,2013,36178.361,739.328
464,Jamaica,2014,46762.598,538.940
464,Jamaica,2015,18373.916,215.416
464,Jamaica,2016,17503.748,57.890
464,Jamaica,2017,52544.544,184.527
464,Jamaica,2018,76823.640,647.888
464,Jamaica,2019,91301.937,1079.798
464,Jamaica,2020,76290.198,160.432
464,Jamaica,2021,164310.453,156.303
465,"St. Lucia",2013,807.081,28.967
465,"St. Lucia",2014,631.764,0.341
465,"St. Lucia",2015,1076.653,31.262
465,"St. Lucia",2016,1564.610,139.226
465,"St. Lucia",2017,1948.150,185.097
465,"St. Lucia",2018,3005.737,26.786
465,"St. Lucia",2019,3011.536,6.330
465,"St. Lucia",2021,2175.088,0.096
467,"St. Vincent and Grenadines",2013,15900.149,9602.862
467,"St. Vincent and Grenadines",2014,23884.977,8710.570
467,"St. Vincent and Grenadines",2016,3576.518,190.759
467,"St. Vincent and Grenadines",2017,3497.921,893.458
467,"St. Vincent and Grenadines",2018,4998.776,1103.197
467,"St. Vincent and Grenadines",2019,4972.559,6533.814
467,"St. Vincent and Grenadines",2020,17566.106,1194.171
467,"St. Vincent and Grenadines",2021,5799.999,1.180
468,"British Virgin Isl.",2013,81017.939,2357.145
468,"British Virgin Isl.",2014,18924.827,2255.115
468,"British Virgin Isl.",2015,57749.745,1813.277
468,"British Virgin Isl.",2016,93668.194,6272.694
468,"British Virgin Isl.",2017,88341.108,21728.056
468,"British Virgin Isl.",2018,4300.540,7323.031
468,"British Virgin Isl.",2019,26021.489,10.597
468,"British Virgin Isl.",2021,2378.245,0.012
469,Barbados,2013,3094.171,94.140
469,Barbados,2014,8395.223,1190.646
469,Barbados,2015,4498.614,51.329
469,Barbados,2016,9508.256,5.436
469,Barbados,2017,5549.263,1082.578
469,Barbados,2018,11551.874,1702.519
469,Barbados,2019,10395.809,84.137
469,Barbados,2020,12759.997,18.721
469,Barbados,2021,16455.909,41.998
470,Montserrat,2016,1.234,3.091
472,"Trinidad and Tobago",2013,43187.146,3615.716
472,"Trinidad and Tobago",2014,50299.059,12612.031
472,"Trinidad and Tobago",2015,35402.386,22494.041
472,"Trinidad and Tobago",2016,32181.171,16101.647
472,"Trinidad and Tobago",2017,59447.086,24366.420
472,"Trinidad and Tobago",2018,85146.255,10583.853
472,"Trinidad and Tobago",2019,78368.857,52584.089
472,"Trinidad and Tobago",2020,76006.950,22895.458
472,"Trinidad and Tobago",2021,82704.429,1076.154
473,Grenada,2014,304.588,0.858
473,Grenada,2015,778.126,5.330
473,Grenada,2016,762.266,1.194
473,Grenada,2017,1479.598,2.565
473,Grenada,2018,1239.149,197.889
473,Grenada,2019,1942.126,2.163
473,Grenada,2020,1166.862,1.514
473,Grenada,2021,2122.895,2.930
474,Aruba,2013,300.384,4.638
474,Aruba,2014,713.609,7.441
474,Aruba,2016,903.938,6.656
474,Aruba,2017,1030.887,0.288
474,Aruba,2018,1355.604,0.862
474,Aruba,2021,1188.023,0.308
475,CuraĂ§ao,2013,39323.730,1977.165
475,CuraĂ§ao,2014,5980.101,65.933
475,CuraĂ§ao,2015,4845.592,4750.203
475,CuraĂ§ao,2016,4426.785,11230.352
475,CuraĂ§ao,2017,421.950,8417.080
475,CuraĂ§ao,2020,54.127,1.999
480,Colombia,2013,137533.409,707442.310
480,Colombia,2014,184417.605,812679.402
480,Colombia,2015,188940.779,796348.004
480,Colombia,2016,188570.184,968949.859
480,Colombia,2017,189878.136,1567267.645
480,Colombia,2018,247220.228,1891173.367
480,Colombia,2019,255910.893,1438050.646
480,Colombia,2020,216478.682,1013175.518
480,Colombia,2021,393223.469,1435794.535
484,Venezuela,2013,76949.102,195229.064
484,Venezuela,2014,52636.446,123414.030
484,Venezuela,2015,23926.512,106836.781
484,Venezuela,2016,19133.624,62354.499
484,Venezuela,2017,38384.289,115410.087
484,Venezuela,2018,134020.937,1009583.473
484,Venezuela,2019,132220.829,19798.522
484,Venezuela,2020,235991.393,61778.067
484,Venezuela,2021,260253.913,422225.409
488,Guyana,2013,13881.589,4403.668
488,Guyana,2014,12742.340,3625.406
488,Guyana,2015,13817.592,79.548
488,Guyana,2016,11008.959,14.420
488,Guyana,2017,23401.689,4105.695
488,Guyana,2018,27464.028,3185.654
488,Guyana,2019,31823.069,1168.742
488,Guyana,2020,30248.438,1401.355
488,Guyana,2021,64989.882,3345.554
492,Suriname,2013,5488.489,91.432
492,Suriname,2014,12610.860,186.862
492,Suriname,2015,16912.874,353.034
492,Suriname,2016,8600.025,500.976
492,Suriname,2017,12681.859,337.645
492,Suriname,2018,15612.312,355.701
492,Suriname,2019,18264.571,219.151
492,Suriname,2020,22066.378,80.996
492,Suriname,2021,28309.077,131.950
500,Ecuador,2013,80447.850,170458.839
500,Ecuador,2014,83014.116,195425.502
500,Ecuador,2015,39747.425,223964.674
500,Ecuador,2016,38966.389,197291.528
500,Ecuador,2017,39553.748,234582.844
500,Ecuador,2018,60025.536,218701.509
500,Ecuador,2019,63806.300,170994.756
500,Ecuador,2020,42943.912,155895.652
500,Ecuador,2021,51106.412,135934.888
504,Peru,2013,277935.052,90233.221
504,Peru,2014,290111.840,72740.875
504,Peru,2015,199058.662,64228.139
504,Peru,2016,88148.699,60227.010
504,Peru,2017,110733.145,76839.929
504,Peru,2018,174103.263,109159.856
504,Peru,2019,180920.057,72832.033
504,Peru,2020,231524.907,288599.912
504,Peru,2021,538898.087,237552.367
508,Brazil,2013,965355.770,1485004.918
508,Brazil,2014,819010.680,1839058.144
508,Brazil,2015,478243.576,1815583.842
508,Brazil,2016,342379.797,1764443.044
508,Brazil,2017,402042.337,2603611.203
508,Brazil,2018,507741.488,3303734.710
508,Brazil,2019,494894.886,2655109.120
508,Brazil,2020,588802.002,3228346.510
508,Brazil,2021,963257.555,3541625.406
512,Chile,2013,225943.001,421586.830
512,Chile,2014,203333.549,384090.454
512,Chile,2015,191876.671,301837.981
512,Chile,2016,222450.353,249989.735
512,Chile,2017,264051.736,296495.700
512,Chile,2018,398625.771,388190.766
512,Chile,2019,356982.172,250722.778
512,Chile,2020,280421.082,294600.240
512,Chile,2021,569532.747,335768.965
516,Bolivia,2013,16907.076,2075.224
516,Bolivia,2014,18302.971,3807.642
516,Bolivia,2015,16689.491,1069.671
516,Bolivia,2016,15304.251,19177.628
516,Bolivia,2017,21842.889,73661.605
516,Bolivia,2018,22211.604,92218.550
516,Bolivia,2019,23286.459,112155.132
516,Bolivia,2020,21888.723,167162.261
516,Bolivia,2021,43525.929,133151.035
520,Paraguay,2013,21491.694,292076.627
520,Paraguay,2014,32259.109,372639.029
520,Paraguay,2015,18373.221,127464.027
520,Paraguay,2016,19858.734,248711.825
520,Paraguay,2017,32964.526,307063.373
520,Paraguay,2018,40923.786,103850.990
520,Paraguay,2019,48106.399,35688.892
520,Paraguay,2020,52313.871,4186.648
520,Paraguay,2021,82301.277,6586.349
524,Uruguay,2013,45439.207,110016.757
524,Uruguay,2014,131727.038,49393.180
524,Uruguay,2015,69275.376,164913.142
524,Uruguay,2016,43271.350,231177.726
524,Uruguay,2017,46351.868,386607.169
524,Uruguay,2018,51738.890,496622.968
524,Uruguay,2019,48463.460,303070.938
524,Uruguay,2020,51567.241,225294.373
524,Uruguay,2021,102569.770,234583.640
528,Argentina,2013,320869.220,523496.202
528,Argentina,2014,156695.925,476877.431
528,Argentina,2015,126841.062,363803.054
528,Argentina,2016,130303.952,571535.452
528,Argentina,2017,167701.320,653473.217
528,Argentina,2018,193146.128,545679.615
528,Argentina,2019,178267.721,514802.759
528,Argentina,2020,153795.118,557477.906
528,Argentina,2021,207248.543,475504.705
529,"Falkland Islands",2018,2.250,40.349
529,"Falkland Islands",2019,134.115,20.100
601,"Turkish Rep. of Nor.Cyprus",2013,1180484.682,92681.920
601,"Turkish Rep. of Nor.Cyprus",2014,1240552.051,109172.232
601,"Turkish Rep. of Nor.Cyprus",2015,1058424.827,93983.081
601,"Turkish Rep. of Nor.Cyprus",2016,941979.616,89248.983
601,"Turkish Rep. of Nor.Cyprus",2017,1128731.850,92198.750
601,"Turkish Rep. of Nor.Cyprus",2018,1249558.818,89415.762
601,"Turkish Rep. of Nor.Cyprus",2019,1298164.537,62465.208
601,"Turkish Rep. of Nor.Cyprus",2020,859850.172,80082.202
601,"Turkish Rep. of Nor.Cyprus",2021,1108526.036,113562.265
604,Lebanon,2013,1916416.506,206954.358
604,Lebanon,2014,864605.454,150215.832
604,Lebanon,2015,766960.390,78246.260
604,Lebanon,2016,802371.462,90542.586
604,Lebanon,2017,959421.464,134152.142
604,Lebanon,2018,963660.186,175831.614
604,Lebanon,2019,1111505.302,64239.052
604,Lebanon,2020,930694.683,51548.704
604,Lebanon,2021,1477063.877,46824.191
608,Syria,2013,1229231.703,106239.238
608,Syria,2014,2336493.765,143826.058
608,Syria,2015,1887435.114,86791.216
608,Syria,2016,1780096.062,107885.691
608,Syria,2017,1776148.200,114352.922
608,Syria,2018,1788111.445,103933.183
608,Syria,2019,1730690.683,117715.598
608,Syria,2020,1595593.230,246873.720
608,Syria,2021,1918856.862,175836.646
612,Iraq,2013,12949890.580,160999.727
612,Iraq,2014,13154131.240,283128.418
612,Iraq,2015,9966655.475,328647.830
612,Iraq,2016,8496075.909,894904.399
612,Iraq,2017,10109826.530,1608958.949
612,Iraq,2018,9437007.226,1631186.021
612,Iraq,2019,10223292.270,2678192.909
612,Iraq,2020,9142046.937,8201651.248
612,Iraq,2021,9970224.351,1587719.168
616,Iran,2013,4456195.443,10545622.230
616,Iran,2014,4142394.066,10076090.700
616,Iran,2015,4115205.203,6162029.214
616,Iran,2016,5462153.830,4800638.219
616,Iran,2017,3860566.296,7607955.642
616,Iran,2018,2765863.252,7040696.428
616,Iran,2019,2737239.574,3608218.512
616,Iran,2020,2253118.016,1192718.379
616,Iran,2021,2536746.356,2500961.765
624,Israel,2013,2810289.336,2704626.504
624,Israel,2014,3063444.198,3062733.422
624,Israel,2015,2806578.685,1912668.630
624,Israel,2016,3054604.406,1424869.991
624,Israel,2017,3504849.581,1662530.966
624,Israel,2018,4022878.172,2001204.800
624,Israel,2019,4463820.079,1600818.044
624,Israel,2020,4704087.755,1496260.181
624,Israel,2021,5664540.456,1876129.975
625,"State of Palestine",2013,79565.144,1425.171
625,"State of Palestine",2014,92131.449,2631.095
625,"State of Palestine",2015,84007.809,2342.269
625,"State of Palestine",2016,96737.099,3499.060
625,"State of Palestine",2017,90975.549,5032.808
625,"State of Palestine",2018,78986.752,7057.245
625,"State of Palestine",2019,67594.958,9034.482
625,"State of Palestine",2020,87069.880,35993.161
625,"State of Palestine",2021,89538.170,10412.149
626,Timor-Leste,2018,26.901,21.016
626,Timor-Leste,2020,477.207,68.308
626,Timor-Leste,2021,570.089,82.463
628,Jordan,2013,770729.621,89246.298
628,Jordan,2014,947525.074,159174.894
628,Jordan,2015,868639.442,155169.114
628,Jordan,2016,747704.747,108249.227
628,Jordan,2017,706599.476,117186.245
628,Jordan,2018,889669.040,103187.614
628,Jordan,2019,667325.261,48962.924
628,Jordan,2020,585367.403,94201.054
628,Jordan,2021,701749.372,100346.630
632,"Saudi Arabia",2013,3262257.325,1984239.883
632,"Saudi Arabia",2014,3137937.474,2429326.624
632,"Saudi Arabia",2015,3582769.022,2140913.503
632,"Saudi Arabia",2016,3264122.558,1839221.563
632,"Saudi Arabia",2017,2832803.949,2219561.559
632,"Saudi Arabia",2018,2766393.997,2512785.678
632,"Saudi Arabia",2019,3292797.077,2005216.796
632,"Saudi Arabia",2020,2505020.173,1719668.131
632,"Saudi Arabia",2021,235851.575,3029900.878
636,Kuwait,2013,343104.450,353461.031
636,Kuwait,2014,407282.048,255096.582
636,Kuwait,2015,501234.065,224852.430
636,Kuwait,2016,441873.110,167171.054
636,Kuwait,2017,457674.100,237915.637
636,Kuwait,2018,549607.963,217386.048
636,Kuwait,2019,557547.536,146805.224
636,Kuwait,2020,556146.003,53385.230
636,Kuwait,2021,620847.110,89871.934
640,Bahrain,2013,201453.408,172395.324
640,Bahrain,2014,213518.005,289965.080
640,Bahrain,2015,227247.732,106130.782
640,Bahrain,2016,197856.596,145917.295
640,Bahrain,2017,239722.873,171529.835
640,Bahrain,2018,322228.541,189598.632
640,Bahrain,2019,266452.618,191813.228
640,Bahrain,2020,201643.325,177923.470
640,Bahrain,2021,155512.786,297962.501
644,Qatar,2013,254583.468,388241.611
644,Qatar,2014,365779.022,407735.975
644,Qatar,2015,432844.805,416716.807
644,Qatar,2016,486428.533,286948.813
644,Qatar,2017,790883.489,293654.836
644,Qatar,2018,1244246.673,390636.353
644,Qatar,2019,1293133.166,310668.390
644,Qatar,2020,1037133.054,301504.577
644,Qatar,2021,1049708.578,541020.484
647,UAE,2013,5243565.721,5437605.025
647,UAE,2014,4939731.950,3485287.514
647,UAE,2015,4935171.590,2107679.268
647,UAE,2016,5542246.979,3761060.647
647,UAE,2017,9267012.374,5588390.411
647,UAE,2018,3254019.091,3810185.000
647,UAE,2019,3627237.215,4388996.383
647,UAE,2020,2828043.234,5603801.304
647,UAE,2021,4894436.516,2198582.461
649,Oman,2013,389730.015,165343.409
649,Oman,2014,494772.713,112305.674
649,Oman,2015,329526.357,60433.522
649,Oman,2016,247989.207,48092.395
649,Oman,2017,231468.417,97312.739
649,Oman,2018,439138.054,69544.580
649,Oman,2019,634475.043,226561.325
649,Oman,2020,525282.925,329576.574
649,Oman,2021,458366.904,944167.410
653,Yemen,2013,612839.826,260.787
653,Yemen,2014,652576.986,10750.865
653,Yemen,2015,400993.190,12821.250
653,Yemen,2016,545331.865,267.017
653,Yemen,2017,578350.320,976.141
653,Yemen,2018,740411.218,1248.235
653,Yemen,2019,969549.382,5506.162
653,Yemen,2020,834434.509,7665.651
653,Yemen,2021,1031139.429,17677.932
660,Afghanistan,2013,248879.303,20961.032
660,Afghanistan,2014,200095.579,35788.789
660,Afghanistan,2015,166064.795,15211.173
660,Afghanistan,2016,149543.498,14918.997
660,Afghanistan,2017,176879.235,21832.391
660,Afghanistan,2018,152807.897,24615.618
660,Afghanistan,2019,156474.516,24053.312
660,Afghanistan,2020,207778.287,27298.825
660,Afghanistan,2021,233474.083,29468.456
662,Pakistan,2013,385265.518,435240.978
662,Pakistan,2014,472485.072,438795.045
662,Pakistan,2015,301232.554,290549.016
662,Pakistan,2016,373931.404,273550.850
662,Pakistan,2017,377155.172,349557.157
662,Pakistan,2018,509157.247,345531.102
662,Pakistan,2019,550163.058,306264.700
662,Pakistan,2020,620161.947,268762.630
662,Pakistan,2021,671957.999,281580.783
664,India,2013,615900.245,6739652.327
664,India,2014,618836.859,7196349.775
664,India,2015,698413.556,5598698.520
664,India,2016,691624.524,5664350.498
664,India,2017,808667.137,6116450.758
664,India,2018,1182204.996,7524705.173
664,India,2019,1166477.422,6635216.803
664,India,2020,889726.513,4830114.822
664,India,2021,1104155.270,7197060.404
666,Bangladesh,2013,271684.727,880545.429
666,Bangladesh,2014,250916.254,891469.284
666,Bangladesh,2015,271622.667,849537.905
666,Bangladesh,2016,340496.167,757614.196
666,Bangladesh,2017,347910.387,762372.698
666,Bangladesh,2018,474396.933,566215.784
666,Bangladesh,2019,427186.692,508630.391
666,Bangladesh,2020,349060.815,569883.464
666,Bangladesh,2021,497123.289,434175.548
667,Maldives,2013,5928.312,76.644
667,Maldives,2014,7837.296,1.158
667,Maldives,2015,18314.052,2.093
667,Maldives,2016,36331.026,508.125
667,Maldives,2017,40161.700,109.046
667,Maldives,2018,65920.604,13.120
667,Maldives,2019,28200.123,18.396
667,Maldives,2020,24864.194,24.077
667,Maldives,2021,44555.254,5.849
669,"Sri Lanka",2013,38934.688,93076.520
669,"Sri Lanka",2014,56275.047,100149.451
669,"Sri Lanka",2015,55061.464,88171.234
669,"Sri Lanka",2016,54910.041,100800.652
669,"Sri Lanka",2017,78126.882,107574.528
669,"Sri Lanka",2018,131135.253,97880.739
669,"Sri Lanka",2019,84367.064,101460.667
669,"Sri Lanka",2020,77476.331,89890.236
669,"Sri Lanka",2021,84107.920,91619.298
672,Nepal,2013,3413.002,12658.071
672,Nepal,2014,22101.819,17404.788
672,Nepal,2015,47307.466,15570.216
672,Nepal,2016,10192.313,30465.181
672,Nepal,2017,40277.959,53456.348
672,Nepal,2018,53829.351,41085.463
672,Nepal,2019,56078.448,26808.048
672,Nepal,2020,38836.403,14389.199
672,Nepal,2021,86096.330,15824.320
675,Bhutan,2013,58.567,2.228
675,Bhutan,2014,71.707,1637.664
675,Bhutan,2015,28.165,152.330
675,Bhutan,2016,97.540,195.260
675,Bhutan,2017,60.666,2454.561
675,Bhutan,2018,186.394,2213.063
675,Bhutan,2019,97.009,1486.994
675,Bhutan,2020,6.501,921.365
675,Bhutan,2021,72.919,667.920
676,Myanmar,2013,25190.069,8212.633
676,Myanmar,2014,38434.302,10409.101
676,Myanmar,2015,31094.238,9460.228
676,Myanmar,2016,28166.852,10187.603
676,Myanmar,2017,32504.435,27612.048
676,Myanmar,2018,59056.041,41880.452
676,Myanmar,2019,45295.319,52233.434
676,Myanmar,2020,52059.525,48429.212
676,Myanmar,2021,20157.809,41918.789
680,Thailand,2013,236665.274,1494878.798
680,Thailand,2014,221921.047,1422248.654
680,Thailand,2015,183658.926,1276021.404
680,Thailand,2016,184417.276,1511099.695
680,Thailand,2017,178318.933,1906713.504
680,Thailand,2018,293121.068,1402014.630
680,Thailand,2019,270498.527,1140699.632
680,Thailand,2020,184011.206,1210609.063
680,Thailand,2021,214144.073,1484015.563
684,Laos,2013,5952.891,3046.159
684,Laos,2014,4837.943,2679.312
684,Laos,2015,1436.683,1403.075
684,Laos,2016,2245.455,1499.115
684,Laos,2017,1354.773,4552.923
684,Laos,2018,8434.167,6917.022
684,Laos,2019,7758.239,6719.391
684,Laos,2020,1922.249,3832.003
684,Laos,2021,925.409,4387.306
690,Vietnam,2013,112959.742,1688336.667
690,Vietnam,2014,175762.188,2078118.273
690,Vietnam,2015,161769.705,1914801.140
690,Vietnam,2016,242394.767,1775570.972
690,Vietnam,2017,247903.808,2687087.615
690,Vietnam,2018,321142.291,1917259.304
690,Vietnam,2019,351413.030,1574622.060
690,Vietnam,2020,244321.164,1369194.019
690,Vietnam,2021,304453.206,1411157.054
696,Cambodia,2013,12239.048,71326.702
696,Cambodia,2014,12114.416,107713.082
696,Cambodia,2015,14155.888,92246.172
696,Cambodia,2016,14812.877,74729.923
696,Cambodia,2017,18023.055,71527.527
696,Cambodia,2018,15656.678,80753.050
696,Cambodia,2019,23893.373,73336.165
696,Cambodia,2020,25018.332,63784.328
696,Cambodia,2021,23849.394,59372.901
700,Indonesia,2013,260160.769,2142498.557
700,Indonesia,2014,236761.193,2091866.569
700,Indonesia,2015,214253.536,1634769.395
700,Indonesia,2016,258839.374,1434130.755
700,Indonesia,2017,245225.926,1495465.821
700,Indonesia,2018,286302.754,1361378.834
700,Indonesia,2019,289372.281,1352296.393
700,Indonesia,2020,213798.794,1184812.629
700,Indonesia,2021,271244.131,1669322.202
701,Malaysia,2013,281501.844,1352518.997
701,Malaysia,2014,324467.430,1286531.624
701,Malaysia,2015,364922.117,1408496.464
701,Malaysia,2016,329254.474,2046167.258
701,Malaysia,2017,293313.121,3097171.214
701,Malaysia,2018,375683.200,2251570.567
701,Malaysia,2019,354238.459,1847830.897
701,Malaysia,2020,381912.653,1989963.382
701,Malaysia,2021,399253.447,2717673.339
703,"Brunei Darussalam",2013,5533.247,0.466
703,"Brunei Darussalam",2014,5526.826,59.437
703,"Brunei Darussalam",2015,4869.249,16.322
703,"Brunei Darussalam",2016,8180.458,7.569
703,"Brunei Darussalam",2017,1363.283,35.831
703,"Brunei Darussalam",2018,2571.316,47.360
703,"Brunei Darussalam",2019,4580.716,0.838
703,"Brunei Darussalam",2020,2006.019,14.050
703,"Brunei Darussalam",2021,8552.611,5.995
706,Singapore,2013,371579.755,369901.158
706,Singapore,2014,391522.552,354963.735
706,Singapore,2015,447231.597,385793.755
706,Singapore,2016,427215.623,362271.060
706,Singapore,2017,704892.200,411512.536
706,Singapore,2018,579296.357,359159.570
706,Singapore,2019,750273.865,286387.447
706,Singapore,2020,343497.932,299747.866
706,Singapore,2021,795287.238,347824.203
708,Philippines,2013,177921.761,192992.028
708,Philippines,2014,141633.643,132090.822
708,Philippines,2015,106844.367,136576.364
708,Philippines,2016,114061.949,129597.978
708,Philippines,2017,141131.467,150736.735
708,Philippines,2018,185673.293,127545.933
708,Philippines,2019,123874.070,137609.842
708,Philippines,2020,100309.923,129980.976
708,Philippines,2021,103773.168,143912.402
716,Mongolia,2013,53125.158,435.721
716,Mongolia,2014,37046.079,139.883
716,Mongolia,2015,24375.396,663.030
716,Mongolia,2016,25744.263,5175.499
716,Mongolia,2017,26660.408,1862.928
716,Mongolia,2018,37606.770,4279.528
716,Mongolia,2019,41647.780,594.353
716,Mongolia,2020,31826.937,2107.394
716,Mongolia,2021,61310.030,2537.665
720,China,2013,3755649.229,25260751.250
720,China,2014,2970633.344,25732865.100
720,China,2015,2500618.224,25283734.390
720,China,2016,2378537.723,24852474.110
720,China,2017,3037675.041,23753643.670
720,China,2018,3078644.213,21506001.140
720,China,2019,2726077.500,19128159.870
720,China,2020,2865865.809,23041354.110
720,China,2021,3377764.282,29099543.830
724,"North Korea",2013,6416.599,3663.426
724,"North Korea",2014,6305.499,3071.810
724,"North Korea",2015,4660.705,16184.382
724,"North Korea",2016,877.247,4961.407
724,"North Korea",2017,471.723,2024.683
724,"North Korea",2018,78.694,1262.185
724,"North Korea",2019,631.177,74.528
724,"North Korea",2020,331.241,93.304
728,"South Korea",2013,499859.273,6357875.638
728,"South Korea",2014,513330.742,7731589.694
728,"South Korea",2015,616288.343,7246896.374
728,"South Korea",2016,553437.054,6468304.311
728,"South Korea",2017,621472.690,6822628.994
728,"South Korea",2018,982485.400,6638437.911
728,"South Korea",2019,943829.784,5777022.349
728,"South Korea",2020,1103844.051,5734268.456
728,"South Korea",2021,853146.487,6869902.362
732,Japan,2013,417352.254,3753677.881
732,Japan,2014,380661.983,3481907.946
732,Japan,2015,341112.180,3268129.382
732,Japan,2016,359198.353,4062898.586
732,Japan,2017,416370.065,4434186.176
732,Japan,2018,493789.677,4515221.751
732,Japan,2019,502850.599,3647961.645
732,Japan,2020,441242.023,3743373.490
732,Japan,2021,433042.378,3953344.180
736,Taiwan,2013,119800.862,1954834.685
736,Taiwan,2014,142781.410,2091600.314
736,Taiwan,2015,175115.519,1986045.610
736,Taiwan,2016,141328.910,1640994.712
736,Taiwan,2017,206958.966,2033537.287
736,Taiwan,2018,274266.068,1728038.213
736,Taiwan,2019,256924.536,1283466.827
736,Taiwan,2020,235903.348,1443447.612
736,Taiwan,2021,232856.442,1696083.231
740,"Hong Kong",2013,440239.511,114937.180
740,"Hong Kong",2014,452355.772,116257.420
740,"Hong Kong",2015,357287.319,96856.859
740,"Hong Kong",2016,409437.649,130401.089
740,"Hong Kong",2017,650541.133,107167.206
740,"Hong Kong",2018,832803.109,151444.544
740,"Hong Kong",2019,743893.407,263504.661
740,"Hong Kong",2020,817944.790,254349.069
740,"Hong Kong",2021,987657.748,63667.483
743,Macao,2013,7498.327,3073.805
743,Macao,2014,7562.723,3058.971
743,Macao,2015,6891.360,2169.805
743,Macao,2016,5665.546,63.625
743,Macao,2017,349.075,88.741
743,Macao,2018,1008.507,28.933
743,Macao,2019,17865.948,18.147
743,Macao,2020,3556.381,33.751
743,Macao,2021,10738.018,503.972
800,Australia,2013,614523.838,1224852.756
800,Australia,2014,544175.872,555550.037
800,Australia,2015,531405.235,550690.332
800,Australia,2016,661502.226,633657.232
800,Australia,2017,562676.309,2226215.428
800,Australia,2018,704085.464,1073871.306
800,Australia,2019,661145.948,1034271.653
800,Australia,2020,726850.415,406697.901
800,Australia,2021,886265.917,856735.424
801,"Papua New Guinea",2013,4829.992,18.239
801,"Papua New Guinea",2014,3960.702,5.321
801,"Papua New Guinea",2015,2587.359,50.875
801,"Papua New Guinea",2016,1631.445,87.986
801,"Papua New Guinea",2017,5769.074,248.505
801,"Papua New Guinea",2018,5143.818,200.847
801,"Papua New Guinea",2019,5256.385,294.651
801,"Papua New Guinea",2020,4890.818,365.051
801,"Papua New Guinea",2021,2861.668,203.118
803,Nauru,2013,0.171,83.567
803,Nauru,2015,1.750,50.512
803,Nauru,2021,0.012,61.163
804,"New Zealand",2013,72861.945,89802.074
804,"New Zealand",2014,89508.079,118033.875
804,"New Zealand",2015,91525.826,73796.367
804,"New Zealand",2016,97913.949,71658.777
804,"New Zealand",2017,105853.412,50878.249
804,"New Zealand",2018,112763.390,41996.597
804,"New Zealand",2019,112908.095,49542.456
804,"New Zealand",2020,104878.502,35599.207
804,"New Zealand",2021,116859.349,29280.240
806,"Solomon Isl.",2013,19.882,2237.042
806,"Solomon Isl.",2014,42.564,1411.601
806,"Solomon Isl.",2015,348.219,407.367
806,"Solomon Isl.",2016,18.653,15.418
806,"Solomon Isl.",2017,36.692,5.459
806,"Solomon Isl.",2018,29.783,1.415
806,"Solomon Isl.",2019,185.632,1.541
806,"Solomon Isl.",2021,83.886,0.424
807,Tuvalu,2014,987.526,1.226
807,Tuvalu,2018,705.927,85.642
807,Tuvalu,2019,1165.222,0.176
807,Tuvalu,2020,279.085,98.833
807,Tuvalu,2021,951.148,84.266
809,"New Caledonia",2013,5886.234,79.799
809,"New Caledonia",2014,5156.730,9.762
809,"New Caledonia",2015,6547.635,3.595
809,"New Caledonia",2016,5305.725,18.435
809,"New Caledonia",2017,6063.683,115.767
809,"New Caledonia",2018,10860.577,19.669
809,"New Caledonia",2019,10979.443,2.453
809,"New Caledonia",2020,8044.497,0.718
809,"New Caledonia",2021,8004.203,1.470
811,"Vallis and Futuna",2013,152.622,0.492
811,"Vallis and Futuna",2016,18.813,8.623
811,"Vallis and Futuna",2020,603.729,13.831
812,Kiribati,2013,218.172,0.712
812,Kiribati,2015,247.664,3.823
812,Kiribati,2016,50.092,0.755
812,Kiribati,2020,166.256,1.463
812,Kiribati,2021,336.708,0.011
815,Fiji,2013,1064.010,22.841
815,Fiji,2014,913.500,148.822
815,Fiji,2015,1063.913,107.272
815,Fiji,2016,837.485,40.283
815,Fiji,2017,1438.528,107.992
815,Fiji,2018,2327.396,34.814
815,Fiji,2019,1860.526,73.223
815,Fiji,2020,5760.678,45.019
815,Fiji,2021,4025.132,105.281
816,Vanuatu,2013,6043.052,2663.624
816,Vanuatu,2014,1306.043,4.002
816,Vanuatu,2015,1593.651,17935.054
816,Vanuatu,2016,438.691,9732.174
816,Vanuatu,2017,1542.135,5437.293
816,Vanuatu,2018,2227.901,21431.776
816,Vanuatu,2019,2658.920,310.000
816,Vanuatu,2020,3077.160,0.295
816,Vanuatu,2021,6544.192,230.678
817,Tonga,2013,458.442,0.103
817,Tonga,2014,520.931,0.387
819,Samoa,2013,1103.482,2.384
819,Samoa,2018,540.739,540.566
819,Samoa,2019,837.797,3.988
819,Samoa,2021,914.973,0.010
820,"Northern Mariana Islands",2015,40.519,1.222
820,"Northern Mariana Islands",2016,5.254,17.181
820,"Northern Mariana Islands",2017,644.339,1.427
820,"Northern Mariana Islands",2019,29.241,0.443
820,"Northern Mariana Islands",2021,2.919,0.120
822,"French Polynesia",2013,1742.673,7.147
822,"French Polynesia",2015,1767.846,23.615
822,"French Polynesia",2016,3421.678,1.378
822,"French Polynesia",2017,3566.106,50.604
822,"French Polynesia",2018,6269.226,82.562
822,"French Polynesia",2019,9429.831,53.356
822,"French Polynesia",2020,6600.782,14.312
822,"French Polynesia",2021,5275.010,7.918
823,Micronesia,2013,10.181,0.565
823,Micronesia,2016,18.439,0.471
823,Micronesia,2017,29.634,8.133
823,Micronesia,2021,100.721,0.471
824,"Marshall Islands",2013,121799.805,1353.972
824,"Marshall Islands",2014,210314.900,436.611
824,"Marshall Islands",2015,82648.655,17043.553
824,"Marshall Islands",2016,143409.400,8808.486
824,"Marshall Islands",2017,157670.504,26682.924
824,"Marshall Islands",2018,164132.033,6755.150
824,"Marshall Islands",2019,175558.015,17227.373
824,"Marshall Islands",2020,332384.772,37919.537
824,"Marshall Islands",2021,135352.617,32702.165
825,Palau,2014,1006.117,2727.538
825,Palau,2015,1048.929,2307.580
825,Palau,2016,710.537,361.205
825,Palau,2017,1120.398,1400.788
825,Palau,2018,1724.732,1444.371
825,Palau,2019,2159.547,680.733
825,Palau,2020,1849.933,9032.865
825,Palau,2021,4287.420,959.698
830,"American Samoa",2013,222.228,276.878
830,"American Samoa",2014,145.504,410.103
830,"American Samoa",2015,299.278,1282.311
830,"American Samoa",2016,1103.834,70.319
830,"American Samoa",2017,188.327,8.915
830,"American Samoa",2018,168.386,62.043
830,"American Samoa",2019,113.697,72.440
830,"American Samoa",2020,362.276,23.856
830,"American Samoa",2021,248.025,20.690
831,Guam,2013,1593.780,0.478
831,Guam,2015,1184.208,0.378
831,Guam,2017,2659.672,3.552
831,Guam,2021,1185.254,7.010
832,"USA Minor Outlying Islands",2013,136.208,213.406
832,"USA Minor Outlying Islands",2014,314.625,313.088
832,"USA Minor Outlying Islands",2015,390.488,93.751
832,"USA Minor Outlying Islands",2016,382.814,39.429
832,"USA Minor Outlying Islands",2017,228.328,6.713
832,"USA Minor Outlying Islands",2018,446.638,21.228
832,"USA Minor Outlying Islands",2019,725.174,136.326
832,"USA Minor Outlying Islands",2020,42.830,243.057
832,"USA Minor Outlying Islands",2021,931.180,37.419
833,"Cocos Islands",2014,123.578,0.109
833,"Cocos Islands",2018,1.754,0.381
833,"Cocos Islands",2021,0.040,0.262
834,"Christmas Islands",2013,112.000,1.363
834,"Christmas Islands",2018,3.742,0.149
834,"Christmas Islands",2020,3.004,0.375
837,"Cook Islands",2013,3928.075,2563.234
837,"Cook Islands",2014,7367.470,3523.569
837,"Cook Islands",2015,8157.180,768.325
837,"Cook Islands",2016,7041.377,2719.485
837,"Cook Islands",2017,5517.277,710.874
837,"Cook Islands",2018,7945.149,1.763
837,"Cook Islands",2021,27291.302,856.297
838,"Niue Island",2018,220.485,130.053
838,"Niue Island",2019,104.748,92.503
838,"Niue Island",2020,20.462,81.037
838,"Niue Island",2021,70.041,154.418
839,"Tokelau Islands",2021,62.962,10.378
891,Antarctica,2018,0.689,0.145
891,Antarctica,2019,0.459,528.338
893,"South Georgia and Sandwich. Isl.",2013,3.959,0.941
893,"South Georgia and Sandwich. Isl.",2015,15.205,11.292
893,"South Georgia and Sandwich. Isl.",2018,41.850,12.169
893,"South Georgia and Sandwich. Isl.",2021,11.671,1.583
894,"French Southern Territories",2018,59.519,41.661
894,"French Southern Territories",2019,67.022,25.763
894,"French Southern Territories",2021,392.156,0.019
958,"Countries and territories not specified",2013,54501.505,8266.987
958,"Countries and territories not specified",2014,68872.165,2975.969
958,"Countries and territories not specified",2015,47486.352,1658.540
958,"Countries and territories not specified",2016,59764.829,3187.109
958,"Countries and territories not specified",2017,55663.003,14835.554
958,"Countries and territories not specified",2018,70737.891,8322.622
958,"Countries and territories not specified",2019,77273.310,1741.388
958,"Countries and territories not specified",2020,87258.334,23177.049
958,"Countries and territories not specified",2021,126322.657,30908.423
